
OS:Version,
  {e16d95d2-1e5f-484c-8b99-1bd3b25f9e83}, !- Handle
  3.11.0;                                 !- Version Identifier

OS:SimulationControl,
  {dfdf57a3-ba3c-4c29-8dd4-e145a261b8f7}, !- Handle
  Yes,                                    !- Do Zone Sizing Calculation
  Yes,                                    !- Do System Sizing Calculation
  ,                                       !- Do Plant Sizing Calculation
  No,                                     !- Run Simulation for Sizing Periods
  Yes;                                    !- Run Simulation for Weather File Run Periods

OS:Timestep,
  {8a061fe3-5ee8-4b4e-bc1f-a29780cfaf5c}, !- Handle
  6;                                      !- Number of Timesteps per Hour

OS:RunPeriod,
  {cd769487-550a-43e1-a81a-b6ec6fb6e5d7}, !- Handle
  Run Period 1,                           !- Name
  1,                                      !- Begin Month
  1,                                      !- Begin Day of Month
  12,                                     !- End Month
  31,                                     !- End Day of Month
  No,                                     !- Use Weather File Holidays and Special Days
  No,                                     !- Use Weather File Daylight Saving Period
  No,                                     !- Apply Weekend Holiday Rule
  Yes,                                    !- Use Weather File Rain Indicators
  Yes,                                    !- Use Weather File Snow Indicators
  1;                                      !- Number of Times Runperiod to be Repeated

OS:SurfaceConvectionAlgorithm:Inside,
  {e7e5ec34-78e1-49cd-96b3-d430784fc4e6}, !- Handle
  TARP;                                   !- Algorithm

OS:SurfaceConvectionAlgorithm:Outside,
  {76e3398b-221d-4940-9e8f-2aae08e40623}, !- Handle
  DOE-2;                                  !- Algorithm

OS:HeatBalanceAlgorithm,
  {effe9f79-92fb-4dd5-ad46-8ffaae5a130e}, !- Handle
  ConductionTransferFunction,             !- Algorithm
  200;                                    !- Surface Temperature Upper Limit {C}

OS:ZoneAirHeatBalanceAlgorithm,
  {aedf8d2c-c0d9-473b-b2b5-22e484f11aa9}, !- Handle
  ,                                       !- Algorithm
  ,                                       !- Do Space Heat Balance for Sizing
  ;                                       !- Do Space Heat Balance for Simulation

OS:ConvergenceLimits,
  {b6c1a989-1a31-4ee6-9bdd-286a798f19d2}, !- Handle
  1;                                      !- Minimum System Timestep {minutes}

OS:ShadowCalculation,
  {c4c02b3e-986d-4fc3-87bb-2cd95a6a0c80}, !- Handle
  PolygonClipping,                        !- Shading Calculation Method
  ,                                       !- Shading Calculation Update Frequency Method
  20,                                     !- Shading Calculation Update Frequency
  15000,                                  !- Maximum Figures in Shadow Overlap Calculations
  ,                                       !- Polygon Clipping Algorithm
  512,                                    !- Pixel Counting Resolution
  ,                                       !- Sky Diffuse Modeling Algorithm
  No,                                     !- Output External Shading Calculation Results
  No,                                     !- Disable Self-Shading Within Shading Zone Groups
  No;                                     !- Disable Self-Shading From Shading Zone Groups to Other Zones

OS:Site,
  {a634a68e-a709-4f06-877a-38a90ce49ae0}, !- Handle
  Site 1,                                 !- Name
  41.77,                                  !- Latitude {deg}
  -87.75,                                 !- Longitude {deg}
  -6,                                     !- Time Zone {hr}
  190,                                    !- Elevation {m}
  ;                                       !- Terrain

OS:Site:GroundTemperature:BuildingSurface,
  {bc4a31c0-0287-4388-a1ad-89e6ce1df962}, !- Handle
  19.527,                                 !- January Ground Temperature {C}
  19.502,                                 !- February Ground Temperature {C}
  19.536,                                 !- March Ground Temperature {C}
  19.598,                                 !- April Ground Temperature {C}
  20.002,                                 !- May Ground Temperature {C}
  21.64,                                  !- June Ground Temperature {C}
  22.225,                                 !- July Ground Temperature {C}
  22.375,                                 !- August Ground Temperature {C}
  21.449,                                 !- September Ground Temperature {C}
  20.121,                                 !- October Ground Temperature {C}
  19.802,                                 !- November Ground Temperature {C}
  19.633;                                 !- December Ground Temperature {C}

OS:Site:GroundTemperature:Deep,
  {1854df64-be5f-465b-8bfc-2ce298dfc2bb}, !- Handle
  19.527,                                 !- January Deep Ground Temperature {C}
  19.502,                                 !- February Deep Ground Temperature {C}
  19.536,                                 !- March Deep Ground Temperature {C}
  19.598,                                 !- April Deep Ground Temperature {C}
  20.002,                                 !- May Deep Ground Temperature {C}
  21.64,                                  !- June Deep Ground Temperature {C}
  22.225,                                 !- July Deep Ground Temperature {C}
  22.375,                                 !- August Deep Ground Temperature {C}
  21.449,                                 !- September Deep Ground Temperature {C}
  20.121,                                 !- October Deep Ground Temperature {C}
  19.802,                                 !- November Deep Ground Temperature {C}
  19.633;                                 !- December Deep Ground Temperature {C}

OS:Site:WaterMainsTemperature,
  {cbba25f5-c85c-442c-a9ce-0ee1decc1655}, !- Handle
  Correlation,                            !- Calculation Method
  ,                                       !- Temperature Schedule Name
  9.69,                                   !- Annual Average Outdoor Air Temperature {C}
  28.1,                                   !- Maximum Difference In Monthly Average Outdoor Air Temperatures {deltaC}
  1,                                      !- Temperature Multiplier {dimensionless}
  0;                                      !- Temperature Offset {deltaC}

OS:SizingPeriod:DesignDay,
  {98cd8e4f-5d0c-44f5-bffb-58efbc45747e}, !- Handle
  Sizing Period Design Day 1,             !- Name
  -20.6,                                  !- Maximum Dry-Bulb Temperature {C}
  0,                                      !- Daily Dry-Bulb Temperature Range {deltaC}
  99063,                                  !- Barometric Pressure {Pa}
  4.9,                                    !- Wind Speed {m/s}
  270,                                    !- Wind Direction {deg}
  0,                                      !- Sky Clearness
  No,                                     !- Rain Indicator
  No,                                     !- Snow Indicator
  21,                                     !- Day of Month
  1,                                      !- Month
  WinterDesignDay,                        !- Day Type
  No,                                     !- Daylight Saving Time Indicator
  WetBulb,                                !- Humidity Condition Type
  ,                                       !- Humidity Condition Day Schedule Name
  -20.6,                                  !- Wetbulb or DewPoint at Maximum Dry-Bulb {C}
  ,                                       !- Humidity Ratio at Maximum Dry-Bulb {kgWater/kgDryAir}
  ,                                       !- Enthalpy at Maximum Dry-Bulb {J/kg}
  ;                                       !- Dry-Bulb Temperature Range Modifier Type

OS:SizingPeriod:DesignDay,
  {3da69ea9-f98e-4cad-b1f5-8321c5d2398a}, !- Handle
  Sizing Period Design Day 2,             !- Name
  33.2,                                   !- Maximum Dry-Bulb Temperature {C}
  10.7,                                   !- Daily Dry-Bulb Temperature Range {deltaC}
  99063,                                  !- Barometric Pressure {Pa}
  5.3,                                    !- Wind Speed {m/s}
  230,                                    !- Wind Direction {deg}
  1,                                      !- Sky Clearness
  No,                                     !- Rain Indicator
  No,                                     !- Snow Indicator
  21,                                     !- Day of Month
  7,                                      !- Month
  SummerDesignDay,                        !- Day Type
  No,                                     !- Daylight Saving Time Indicator
  WetBulb,                                !- Humidity Condition Type
  ,                                       !- Humidity Condition Day Schedule Name
  23.8,                                   !- Wetbulb or DewPoint at Maximum Dry-Bulb {C}
  ,                                       !- Humidity Ratio at Maximum Dry-Bulb {kgWater/kgDryAir}
  ,                                       !- Enthalpy at Maximum Dry-Bulb {J/kg}
  ;                                       !- Dry-Bulb Temperature Range Modifier Type

OS:ScheduleTypeLimits,
  {60da2b93-aea7-455f-8b26-70a32f5647e4}, !- Handle
  Temperature,                            !- Name
  -60,                                    !- Lower Limit Value
  200,                                    !- Upper Limit Value
  CONTINUOUS,                             !- Numeric Type
  Temperature;                            !- Unit Type

OS:DefaultScheduleSet,
  {a7222a35-93a4-4f3a-b91b-b852b81e8112}, !- Handle
  Default Schedules,                      !- Name
  ,                                       !- Hours of Operation Schedule Name
  {054a6581-fd89-4331-8b8d-5631f1aab871}, !- Number of People Schedule Name
  {f62014bb-2b06-452b-b546-d4ad8afde858}, !- People Activity Level Schedule Name
  {9b5c57ea-6112-4f74-9191-da48b202e8a1}, !- Lighting Schedule Name
  {f1fef28c-9da0-4e95-9279-aba482329144}, !- Electric Equipment Schedule Name
  {684648d5-c59d-41e1-b710-528b5e40a08a}, !- Gas Equipment Schedule Name
  {866e764f-62fd-4ee0-9028-8ab672286c03}, !- Hot Water Equipment Schedule Name
  {330c48ef-7f3b-4d4f-b28b-c6e3589b7928}, !- Infiltration Schedule Name
  ,                                       !- Steam Equipment Schedule Name
  ;                                       !- Other Equipment Schedule Name

OS:Schedule:Ruleset,
  {054a6581-fd89-4331-8b8d-5631f1aab871}, !- Handle
  Medium Office Number of People Schedule, !- Name
  {4d172b2d-dee8-4460-827b-c5b4a5fe967c}, !- Schedule Type Limits Name
  {6f2c295e-1a8c-4d41-b012-16535ac840b9}, !- Default Day Schedule Name
  {9e118231-c983-45af-a2d0-ae74207f6cf2}; !- Summer Design Day Schedule Name

OS:Schedule:Day,
  {6f2c295e-1a8c-4d41-b012-16535ac840b9}, !- Handle
  Medium Office Number of People All Other Days Schedule, !- Name
  {4d172b2d-dee8-4460-827b-c5b4a5fe967c}, !- Schedule Type Limits Name
  ,                                       !- Interpolate to Timestep
  24,                                     !- Hour 1
  0,                                      !- Minute 1
  0;                                      !- Value Until Time 1

OS:Schedule:Day,
  {9344abd3-32fe-46ec-99ab-92b798d09088}, !- Handle
  Medium Office Number of People Summer Design Day Schedule, !- Name
  ,                                       !- Schedule Type Limits Name
  ,                                       !- Interpolate to Timestep
  6,                                      !- Hour 1
  0,                                      !- Minute 1
  0,                                      !- Value Until Time 1
  22,                                     !- Hour 2
  0,                                      !- Minute 2
  1,                                      !- Value Until Time 2
  24,                                     !- Hour 3
  0,                                      !- Minute 3
  0.05;                                   !- Value Until Time 3

OS:Schedule:Day,
  {9e118231-c983-45af-a2d0-ae74207f6cf2}, !- Handle
  Medium Office Number of People Summer Design Day Schedule 1, !- Name
  {4d172b2d-dee8-4460-827b-c5b4a5fe967c}, !- Schedule Type Limits Name
  ,                                       !- Interpolate to Timestep
  6,                                      !- Hour 1
  0,                                      !- Minute 1
  0,                                      !- Value Until Time 1
  22,                                     !- Hour 2
  0,                                      !- Minute 2
  1,                                      !- Value Until Time 2
  24,                                     !- Hour 3
  0,                                      !- Minute 3
  0.05;                                   !- Value Until Time 3

OS:Schedule:Rule,
  {ee792e35-9c50-4a10-878d-48a35fcc9b78}, !- Handle
  Medium Office Number of People Schedule Weekdays Rule, !- Name
  {054a6581-fd89-4331-8b8d-5631f1aab871}, !- Schedule Ruleset Name
  1,                                      !- Rule Order
  {28c85161-d6c1-4466-bd4a-09afc605bee4}, !- Day Schedule Name
  ,                                       !- Apply Sunday
  Yes,                                    !- Apply Monday
  Yes,                                    !- Apply Tuesday
  Yes,                                    !- Apply Wednesday
  Yes,                                    !- Apply Thursday
  Yes;                                    !- Apply Friday

OS:Schedule:Day,
  {28c85161-d6c1-4466-bd4a-09afc605bee4}, !- Handle
  Medium Office Number of People Weekdays Schedule, !- Name
  {4d172b2d-dee8-4460-827b-c5b4a5fe967c}, !- Schedule Type Limits Name
  ,                                       !- Interpolate to Timestep
  6,                                      !- Hour 1
  0,                                      !- Minute 1
  0,                                      !- Value Until Time 1
  7,                                      !- Hour 2
  0,                                      !- Minute 2
  0.1,                                    !- Value Until Time 2
  8,                                      !- Hour 3
  0,                                      !- Minute 3
  0.2,                                    !- Value Until Time 3
  12,                                     !- Hour 4
  0,                                      !- Minute 4
  0.95,                                   !- Value Until Time 4
  13,                                     !- Hour 5
  0,                                      !- Minute 5
  0.5,                                    !- Value Until Time 5
  17,                                     !- Hour 6
  0,                                      !- Minute 6
  0.95,                                   !- Value Until Time 6
  18,                                     !- Hour 7
  0,                                      !- Minute 7
  0.7,                                    !- Value Until Time 7
  20,                                     !- Hour 8
  0,                                      !- Minute 8
  0.4,                                    !- Value Until Time 8
  22,                                     !- Hour 9
  0,                                      !- Minute 9
  0.1,                                    !- Value Until Time 9
  24,                                     !- Hour 10
  0,                                      !- Minute 10
  0.05;                                   !- Value Until Time 10

OS:Schedule:Rule,
  {55a19eab-becd-4591-9d10-99ffcbc40fc6}, !- Handle
  Medium Office Number of People Schedule Saturday Rule, !- Name
  {054a6581-fd89-4331-8b8d-5631f1aab871}, !- Schedule Ruleset Name
  0,                                      !- Rule Order
  {a7d24d7f-2400-4c9d-ac7b-b78317044e12}, !- Day Schedule Name
  ,                                       !- Apply Sunday
  ,                                       !- Apply Monday
  ,                                       !- Apply Tuesday
  ,                                       !- Apply Wednesday
  ,                                       !- Apply Thursday
  ,                                       !- Apply Friday
  Yes;                                    !- Apply Saturday

OS:Schedule:Day,
  {a7d24d7f-2400-4c9d-ac7b-b78317044e12}, !- Handle
  Medium Office Number of People Saturday Schedule, !- Name
  {4d172b2d-dee8-4460-827b-c5b4a5fe967c}, !- Schedule Type Limits Name
  ,                                       !- Interpolate to Timestep
  6,                                      !- Hour 1
  0,                                      !- Minute 1
  0,                                      !- Value Until Time 1
  8,                                      !- Hour 2
  0,                                      !- Minute 2
  0.1,                                    !- Value Until Time 2
  14,                                     !- Hour 3
  0,                                      !- Minute 3
  0.5,                                    !- Value Until Time 3
  17,                                     !- Hour 4
  0,                                      !- Minute 4
  0.1,                                    !- Value Until Time 4
  24,                                     !- Hour 5
  0,                                      !- Minute 5
  0;                                      !- Value Until Time 5

OS:ScheduleTypeLimits,
  {4d172b2d-dee8-4460-827b-c5b4a5fe967c}, !- Handle
  Fractional,                             !- Name
  0,                                      !- Lower Limit Value
  1,                                      !- Upper Limit Value
  Continuous;                             !- Numeric Type

OS:Schedule:Ruleset,
  {f62014bb-2b06-452b-b546-d4ad8afde858}, !- Handle
  Medium Office People Activity Level Schedule, !- Name
  {ca15f536-efed-4f5a-b6f3-d9f579155219}, !- Schedule Type Limits Name
  {43396a3f-189f-4504-b2ec-b3a41d802424}; !- Default Day Schedule Name

OS:Schedule:Day,
  {43396a3f-189f-4504-b2ec-b3a41d802424}, !- Handle
  Medium Office People Activity Level All Days Schedule, !- Name
  {ca15f536-efed-4f5a-b6f3-d9f579155219}, !- Schedule Type Limits Name
  ,                                       !- Interpolate to Timestep
  24,                                     !- Hour 1
  0,                                      !- Minute 1
  120;                                    !- Value Until Time 1

OS:ScheduleTypeLimits,
  {ca15f536-efed-4f5a-b6f3-d9f579155219}, !- Handle
  ActivityLevel,                          !- Name
  0,                                      !- Lower Limit Value
  ,                                       !- Upper Limit Value
  Continuous,                             !- Numeric Type
  ActivityLevel;                          !- Unit Type

OS:Schedule:Ruleset,
  {9b5c57ea-6112-4f74-9191-da48b202e8a1}, !- Handle
  Medium Office Lighting Schedule,        !- Name
  {4d172b2d-dee8-4460-827b-c5b4a5fe967c}, !- Schedule Type Limits Name
  {3d30e7fb-dce2-4222-a58b-7fcda6f765c9}, !- Default Day Schedule Name
  {5c0f8c33-de6e-440f-bc84-20301fb62188}, !- Summer Design Day Schedule Name
  {0226746a-c843-4171-b74d-be5e44cd1700}; !- Winter Design Day Schedule Name

OS:Schedule:Day,
  {3d30e7fb-dce2-4222-a58b-7fcda6f765c9}, !- Handle
  Medium Office Lighting All Other Days Schedule, !- Name
  {4d172b2d-dee8-4460-827b-c5b4a5fe967c}, !- Schedule Type Limits Name
  ,                                       !- Interpolate to Timestep
  24,                                     !- Hour 1
  0,                                      !- Minute 1
  0.05;                                   !- Value Until Time 1

OS:Schedule:Day,
  {19b04dd9-8b20-4733-9869-444bd16c4acd}, !- Handle
  Medium Office Lighting Summer Design Day Schedule, !- Name
  ,                                       !- Schedule Type Limits Name
  ,                                       !- Interpolate to Timestep
  6,                                      !- Hour 1
  0,                                      !- Minute 1
  1,                                      !- Value Until Time 1
  24,                                     !- Hour 2
  0,                                      !- Minute 2
  0;                                      !- Value Until Time 2

OS:Schedule:Day,
  {5c0f8c33-de6e-440f-bc84-20301fb62188}, !- Handle
  Medium Office Lighting Summer Design Day Schedule 1, !- Name
  {4d172b2d-dee8-4460-827b-c5b4a5fe967c}, !- Schedule Type Limits Name
  ,                                       !- Interpolate to Timestep
  6,                                      !- Hour 1
  0,                                      !- Minute 1
  1,                                      !- Value Until Time 1
  24,                                     !- Hour 2
  0,                                      !- Minute 2
  0;                                      !- Value Until Time 2

OS:Schedule:Day,
  {c545f6eb-db06-438b-a21b-7779371b4f6f}, !- Handle
  Medium Office Lighting Winter Design Day Schedule, !- Name
  ,                                       !- Schedule Type Limits Name
  ,                                       !- Interpolate to Timestep
  24,                                     !- Hour 1
  0,                                      !- Minute 1
  0;                                      !- Value Until Time 1

OS:Schedule:Day,
  {0226746a-c843-4171-b74d-be5e44cd1700}, !- Handle
  Medium Office Lighting Winter Design Day Schedule 1, !- Name
  {4d172b2d-dee8-4460-827b-c5b4a5fe967c}, !- Schedule Type Limits Name
  ,                                       !- Interpolate to Timestep
  24,                                     !- Hour 1
  0,                                      !- Minute 1
  0;                                      !- Value Until Time 1

OS:Schedule:Rule,
  {ae73d40d-fbc3-4edc-a694-a4a479e98e85}, !- Handle
  Medium Office Lighting Schedule Weekdays Rule, !- Name
  {9b5c57ea-6112-4f74-9191-da48b202e8a1}, !- Schedule Ruleset Name
  1,                                      !- Rule Order
  {cb96e128-1d45-4f5b-8f32-6ef94f8b10b9}, !- Day Schedule Name
  ,                                       !- Apply Sunday
  Yes,                                    !- Apply Monday
  Yes,                                    !- Apply Tuesday
  Yes,                                    !- Apply Wednesday
  Yes,                                    !- Apply Thursday
  Yes;                                    !- Apply Friday

OS:Schedule:Day,
  {cb96e128-1d45-4f5b-8f32-6ef94f8b10b9}, !- Handle
  Medium Office Lighting Weekdays Schedule, !- Name
  {4d172b2d-dee8-4460-827b-c5b4a5fe967c}, !- Schedule Type Limits Name
  ,                                       !- Interpolate to Timestep
  5,                                      !- Hour 1
  0,                                      !- Minute 1
  0.05,                                   !- Value Until Time 1
  7,                                      !- Hour 2
  0,                                      !- Minute 2
  0.1,                                    !- Value Until Time 2
  8,                                      !- Hour 3
  0,                                      !- Minute 3
  0.3,                                    !- Value Until Time 3
  17,                                     !- Hour 4
  0,                                      !- Minute 4
  0.9,                                    !- Value Until Time 4
  18,                                     !- Hour 5
  0,                                      !- Minute 5
  0.7,                                    !- Value Until Time 5
  20,                                     !- Hour 6
  0,                                      !- Minute 6
  0.5,                                    !- Value Until Time 6
  22,                                     !- Hour 7
  0,                                      !- Minute 7
  0.3,                                    !- Value Until Time 7
  23,                                     !- Hour 8
  0,                                      !- Minute 8
  0.1,                                    !- Value Until Time 8
  24,                                     !- Hour 9
  0,                                      !- Minute 9
  0.05;                                   !- Value Until Time 9

OS:Schedule:Rule,
  {755bfb1d-9bde-4fee-8ec8-8fbedd62be05}, !- Handle
  Medium Office Lighting Schedule Saturday Rule, !- Name
  {9b5c57ea-6112-4f74-9191-da48b202e8a1}, !- Schedule Ruleset Name
  0,                                      !- Rule Order
  {4ec83396-3dc2-48ef-b8f8-64e871b56756}, !- Day Schedule Name
  ,                                       !- Apply Sunday
  ,                                       !- Apply Monday
  ,                                       !- Apply Tuesday
  ,                                       !- Apply Wednesday
  ,                                       !- Apply Thursday
  ,                                       !- Apply Friday
  Yes;                                    !- Apply Saturday

OS:Schedule:Day,
  {4ec83396-3dc2-48ef-b8f8-64e871b56756}, !- Handle
  Medium Office Lighting Saturday Schedule, !- Name
  {4d172b2d-dee8-4460-827b-c5b4a5fe967c}, !- Schedule Type Limits Name
  ,                                       !- Interpolate to Timestep
  6,                                      !- Hour 1
  0,                                      !- Minute 1
  0.05,                                   !- Value Until Time 1
  8,                                      !- Hour 2
  0,                                      !- Minute 2
  0.1,                                    !- Value Until Time 2
  14,                                     !- Hour 3
  0,                                      !- Minute 3
  0.5,                                    !- Value Until Time 3
  17,                                     !- Hour 4
  0,                                      !- Minute 4
  0.15,                                   !- Value Until Time 4
  24,                                     !- Hour 5
  0,                                      !- Minute 5
  0.05;                                   !- Value Until Time 5

OS:Schedule:Ruleset,
  {f1fef28c-9da0-4e95-9279-aba482329144}, !- Handle
  Medium Office Electric Equipment Schedule, !- Name
  {4d172b2d-dee8-4460-827b-c5b4a5fe967c}, !- Schedule Type Limits Name
  {3b4b815d-efc0-4ee2-93ce-79e9cf91c210}, !- Default Day Schedule Name
  {d597f18e-01ef-452f-abef-3d5ed87b9a63}, !- Summer Design Day Schedule Name
  {c60c972a-e623-4089-a0a3-a30c63ab4b1a}; !- Winter Design Day Schedule Name

OS:Schedule:Day,
  {3b4b815d-efc0-4ee2-93ce-79e9cf91c210}, !- Handle
  Medium Office Electric Equipment All Other Days Schedule, !- Name
  {4d172b2d-dee8-4460-827b-c5b4a5fe967c}, !- Schedule Type Limits Name
  ,                                       !- Interpolate to Timestep
  24,                                     !- Hour 1
  0,                                      !- Minute 1
  0.3;                                    !- Value Until Time 1

OS:Schedule:Day,
  {41407223-890b-4500-802c-f1576ea98c08}, !- Handle
  Medium Office Electric Equipment Summer Design Day Schedule, !- Name
  ,                                       !- Schedule Type Limits Name
  ,                                       !- Interpolate to Timestep
  6,                                      !- Hour 1
  0,                                      !- Minute 1
  1,                                      !- Value Until Time 1
  24,                                     !- Hour 2
  0,                                      !- Minute 2
  0;                                      !- Value Until Time 2

OS:Schedule:Day,
  {d597f18e-01ef-452f-abef-3d5ed87b9a63}, !- Handle
  Medium Office Electric Equipment Summer Design Day Schedule 1, !- Name
  {4d172b2d-dee8-4460-827b-c5b4a5fe967c}, !- Schedule Type Limits Name
  ,                                       !- Interpolate to Timestep
  6,                                      !- Hour 1
  0,                                      !- Minute 1
  1,                                      !- Value Until Time 1
  24,                                     !- Hour 2
  0,                                      !- Minute 2
  0;                                      !- Value Until Time 2

OS:Schedule:Day,
  {fbfdf18f-284e-41e0-8109-1ee7cf38d9ac}, !- Handle
  Medium Office Electric Equipment Winter Design Day Schedule, !- Name
  ,                                       !- Schedule Type Limits Name
  ,                                       !- Interpolate to Timestep
  24,                                     !- Hour 1
  0,                                      !- Minute 1
  0;                                      !- Value Until Time 1

OS:Schedule:Day,
  {c60c972a-e623-4089-a0a3-a30c63ab4b1a}, !- Handle
  Medium Office Electric Equipment Winter Design Day Schedule 1, !- Name
  {4d172b2d-dee8-4460-827b-c5b4a5fe967c}, !- Schedule Type Limits Name
  ,                                       !- Interpolate to Timestep
  24,                                     !- Hour 1
  0,                                      !- Minute 1
  0;                                      !- Value Until Time 1

OS:Schedule:Rule,
  {5458ef04-09d5-437b-8cc7-fed6c98ab44b}, !- Handle
  Medium Office Electric Equipment Schedule Weekdays Rule, !- Name
  {f1fef28c-9da0-4e95-9279-aba482329144}, !- Schedule Ruleset Name
  1,                                      !- Rule Order
  {c4a08aa1-b85d-49b0-b6f8-d1f748a3f662}, !- Day Schedule Name
  ,                                       !- Apply Sunday
  Yes,                                    !- Apply Monday
  Yes,                                    !- Apply Tuesday
  Yes,                                    !- Apply Wednesday
  Yes,                                    !- Apply Thursday
  Yes;                                    !- Apply Friday

OS:Schedule:Day,
  {c4a08aa1-b85d-49b0-b6f8-d1f748a3f662}, !- Handle
  Medium Office Electric Equipment Weekdays Schedule, !- Name
  {4d172b2d-dee8-4460-827b-c5b4a5fe967c}, !- Schedule Type Limits Name
  ,                                       !- Interpolate to Timestep
  8,                                      !- Hour 1
  0,                                      !- Minute 1
  0.4,                                    !- Value Until Time 1
  12,                                     !- Hour 2
  0,                                      !- Minute 2
  0.9,                                    !- Value Until Time 2
  13,                                     !- Hour 3
  0,                                      !- Minute 3
  0.8,                                    !- Value Until Time 3
  17,                                     !- Hour 4
  0,                                      !- Minute 4
  0.9,                                    !- Value Until Time 4
  18,                                     !- Hour 5
  0,                                      !- Minute 5
  0.8,                                    !- Value Until Time 5
  20,                                     !- Hour 6
  0,                                      !- Minute 6
  0.6,                                    !- Value Until Time 6
  22,                                     !- Hour 7
  0,                                      !- Minute 7
  0.5,                                    !- Value Until Time 7
  24,                                     !- Hour 8
  0,                                      !- Minute 8
  0.4;                                    !- Value Until Time 8

OS:Schedule:Rule,
  {4efffe91-462a-452f-8e32-07adbc18fa62}, !- Handle
  Medium Office Electric Equipment Schedule Saturday Rule, !- Name
  {f1fef28c-9da0-4e95-9279-aba482329144}, !- Schedule Ruleset Name
  0,                                      !- Rule Order
  {1db0140f-5a26-4029-b091-7fa23bb5a8df}, !- Day Schedule Name
  ,                                       !- Apply Sunday
  ,                                       !- Apply Monday
  ,                                       !- Apply Tuesday
  ,                                       !- Apply Wednesday
  ,                                       !- Apply Thursday
  ,                                       !- Apply Friday
  Yes;                                    !- Apply Saturday

OS:Schedule:Day,
  {1db0140f-5a26-4029-b091-7fa23bb5a8df}, !- Handle
  Medium Office Electric Equipment Saturday Schedule, !- Name
  {4d172b2d-dee8-4460-827b-c5b4a5fe967c}, !- Schedule Type Limits Name
  ,                                       !- Interpolate to Timestep
  6,                                      !- Hour 1
  0,                                      !- Minute 1
  0.3,                                    !- Value Until Time 1
  8,                                      !- Hour 2
  0,                                      !- Minute 2
  0.4,                                    !- Value Until Time 2
  14,                                     !- Hour 3
  0,                                      !- Minute 3
  0.5,                                    !- Value Until Time 3
  17,                                     !- Hour 4
  0,                                      !- Minute 4
  0.35,                                   !- Value Until Time 4
  24,                                     !- Hour 5
  0,                                      !- Minute 5
  0.3;                                    !- Value Until Time 5

OS:Schedule:Ruleset,
  {684648d5-c59d-41e1-b710-528b5e40a08a}, !- Handle
  Medium Office Gas Equipment Schedule,   !- Name
  {4d172b2d-dee8-4460-827b-c5b4a5fe967c}, !- Schedule Type Limits Name
  {b61dbe40-38f1-4ab0-b310-24d80200ede8}, !- Default Day Schedule Name
  {7603fa79-dd22-40a7-b8b3-438dc10b6802}, !- Summer Design Day Schedule Name
  {dd94e372-e5f1-45ce-b4e4-452235edba39}; !- Winter Design Day Schedule Name

OS:Schedule:Day,
  {b61dbe40-38f1-4ab0-b310-24d80200ede8}, !- Handle
  Medium Office Gas Equipment All Other Days Schedule, !- Name
  {4d172b2d-dee8-4460-827b-c5b4a5fe967c}, !- Schedule Type Limits Name
  ,                                       !- Interpolate to Timestep
  24,                                     !- Hour 1
  0,                                      !- Minute 1
  0.3;                                    !- Value Until Time 1

OS:Schedule:Day,
  {ca6bc24d-4311-4d4b-b374-25ce22bd92af}, !- Handle
  Medium Office Gas Equipment Summer Design Day Schedule, !- Name
  ,                                       !- Schedule Type Limits Name
  ,                                       !- Interpolate to Timestep
  6,                                      !- Hour 1
  0,                                      !- Minute 1
  1,                                      !- Value Until Time 1
  24,                                     !- Hour 2
  0,                                      !- Minute 2
  0;                                      !- Value Until Time 2

OS:Schedule:Day,
  {7603fa79-dd22-40a7-b8b3-438dc10b6802}, !- Handle
  Medium Office Gas Equipment Summer Design Day Schedule 1, !- Name
  {4d172b2d-dee8-4460-827b-c5b4a5fe967c}, !- Schedule Type Limits Name
  ,                                       !- Interpolate to Timestep
  6,                                      !- Hour 1
  0,                                      !- Minute 1
  1,                                      !- Value Until Time 1
  24,                                     !- Hour 2
  0,                                      !- Minute 2
  0;                                      !- Value Until Time 2

OS:Schedule:Day,
  {8542634e-b070-493a-8449-240526c5e3e3}, !- Handle
  Medium Office Gas Equipment Winter Design Day Schedule, !- Name
  ,                                       !- Schedule Type Limits Name
  ,                                       !- Interpolate to Timestep
  24,                                     !- Hour 1
  0,                                      !- Minute 1
  0;                                      !- Value Until Time 1

OS:Schedule:Day,
  {dd94e372-e5f1-45ce-b4e4-452235edba39}, !- Handle
  Medium Office Gas Equipment Winter Design Day Schedule 1, !- Name
  {4d172b2d-dee8-4460-827b-c5b4a5fe967c}, !- Schedule Type Limits Name
  ,                                       !- Interpolate to Timestep
  24,                                     !- Hour 1
  0,                                      !- Minute 1
  0;                                      !- Value Until Time 1

OS:Schedule:Rule,
  {f0716b65-a6ee-4747-a148-8d328d88097b}, !- Handle
  Medium Office Gas Equipment Schedule Weekdays Rule, !- Name
  {684648d5-c59d-41e1-b710-528b5e40a08a}, !- Schedule Ruleset Name
  1,                                      !- Rule Order
  {ad44bc00-e918-4b13-81b3-ea7e3a5a3479}, !- Day Schedule Name
  ,                                       !- Apply Sunday
  Yes,                                    !- Apply Monday
  Yes,                                    !- Apply Tuesday
  Yes,                                    !- Apply Wednesday
  Yes,                                    !- Apply Thursday
  Yes;                                    !- Apply Friday

OS:Schedule:Day,
  {ad44bc00-e918-4b13-81b3-ea7e3a5a3479}, !- Handle
  Medium Office Gas Equipment Weekdays Schedule, !- Name
  {4d172b2d-dee8-4460-827b-c5b4a5fe967c}, !- Schedule Type Limits Name
  ,                                       !- Interpolate to Timestep
  8,                                      !- Hour 1
  0,                                      !- Minute 1
  0.4,                                    !- Value Until Time 1
  12,                                     !- Hour 2
  0,                                      !- Minute 2
  0.9,                                    !- Value Until Time 2
  13,                                     !- Hour 3
  0,                                      !- Minute 3
  0.8,                                    !- Value Until Time 3
  17,                                     !- Hour 4
  0,                                      !- Minute 4
  0.9,                                    !- Value Until Time 4
  18,                                     !- Hour 5
  0,                                      !- Minute 5
  0.8,                                    !- Value Until Time 5
  20,                                     !- Hour 6
  0,                                      !- Minute 6
  0.6,                                    !- Value Until Time 6
  22,                                     !- Hour 7
  0,                                      !- Minute 7
  0.5,                                    !- Value Until Time 7
  24,                                     !- Hour 8
  0,                                      !- Minute 8
  0.4;                                    !- Value Until Time 8

OS:Schedule:Rule,
  {eea59a74-ece2-4d7f-a43d-b84d592cb957}, !- Handle
  Medium Office Gas Equipment Schedule Saturday Rule, !- Name
  {684648d5-c59d-41e1-b710-528b5e40a08a}, !- Schedule Ruleset Name
  0,                                      !- Rule Order
  {fdd64ec6-cccc-4cc4-b4e2-6daa2a512944}, !- Day Schedule Name
  ,                                       !- Apply Sunday
  ,                                       !- Apply Monday
  ,                                       !- Apply Tuesday
  ,                                       !- Apply Wednesday
  ,                                       !- Apply Thursday
  ,                                       !- Apply Friday
  Yes;                                    !- Apply Saturday

OS:Schedule:Day,
  {fdd64ec6-cccc-4cc4-b4e2-6daa2a512944}, !- Handle
  Medium Office Gas Equipment Saturday Schedule, !- Name
  {4d172b2d-dee8-4460-827b-c5b4a5fe967c}, !- Schedule Type Limits Name
  ,                                       !- Interpolate to Timestep
  6,                                      !- Hour 1
  0,                                      !- Minute 1
  0.3,                                    !- Value Until Time 1
  8,                                      !- Hour 2
  0,                                      !- Minute 2
  0.4,                                    !- Value Until Time 2
  14,                                     !- Hour 3
  0,                                      !- Minute 3
  0.5,                                    !- Value Until Time 3
  17,                                     !- Hour 4
  0,                                      !- Minute 4
  0.35,                                   !- Value Until Time 4
  24,                                     !- Hour 5
  0,                                      !- Minute 5
  0.3;                                    !- Value Until Time 5

OS:Schedule:Ruleset,
  {866e764f-62fd-4ee0-9028-8ab672286c03}, !- Handle
  Medium Office Hot Water Equipment Schedule, !- Name
  {4d172b2d-dee8-4460-827b-c5b4a5fe967c}, !- Schedule Type Limits Name
  {f80ac5f2-1c4b-46c4-90e0-48fb267c85dd}, !- Default Day Schedule Name
  {7651528c-f9fb-4458-a795-5cbfc289bc8c}, !- Summer Design Day Schedule Name
  {d5c59a6c-057a-4e95-9ebf-bba7a5a44653}; !- Winter Design Day Schedule Name

OS:Schedule:Day,
  {f80ac5f2-1c4b-46c4-90e0-48fb267c85dd}, !- Handle
  Medium Office Hot Water Equipment Default Schedule, !- Name
  {4d172b2d-dee8-4460-827b-c5b4a5fe967c}, !- Schedule Type Limits Name
  ,                                       !- Interpolate to Timestep
  5,                                      !- Hour 1
  0,                                      !- Minute 1
  0.04,                                   !- Value Until Time 1
  6,                                      !- Hour 2
  0,                                      !- Minute 2
  0.07,                                   !- Value Until Time 2
  11,                                     !- Hour 3
  0,                                      !- Minute 3
  0.04,                                   !- Value Until Time 3
  13,                                     !- Hour 4
  0,                                      !- Minute 4
  0.06,                                   !- Value Until Time 4
  14,                                     !- Hour 5
  0,                                      !- Minute 5
  0.09,                                   !- Value Until Time 5
  15,                                     !- Hour 6
  0,                                      !- Minute 6
  0.06,                                   !- Value Until Time 6
  21,                                     !- Hour 7
  0,                                      !- Minute 7
  0.04,                                   !- Value Until Time 7
  22,                                     !- Hour 8
  0,                                      !- Minute 8
  0.07,                                   !- Value Until Time 8
  24,                                     !- Hour 9
  0,                                      !- Minute 9
  0.04;                                   !- Value Until Time 9

OS:Schedule:Day,
  {61890f22-d99f-4164-b2fd-764ceb3f2f8c}, !- Handle
  Medium Office Hot Water Equipment Summer Design Day Schedule, !- Name
  ,                                       !- Schedule Type Limits Name
  ,                                       !- Interpolate to Timestep
  5,                                      !- Hour 1
  0,                                      !- Minute 1
  0.05,                                   !- Value Until Time 1
  6,                                      !- Hour 2
  0,                                      !- Minute 2
  0.08,                                   !- Value Until Time 2
  7,                                      !- Hour 3
  0,                                      !- Minute 3
  0.07,                                   !- Value Until Time 3
  8,                                      !- Hour 4
  0,                                      !- Minute 4
  0.19,                                   !- Value Until Time 4
  9,                                      !- Hour 5
  0,                                      !- Minute 5
  0.35,                                   !- Value Until Time 5
  10,                                     !- Hour 6
  0,                                      !- Minute 6
  0.38,                                   !- Value Until Time 6
  11,                                     !- Hour 7
  0,                                      !- Minute 7
  0.39,                                   !- Value Until Time 7
  12,                                     !- Hour 8
  0,                                      !- Minute 8
  0.47,                                   !- Value Until Time 8
  13,                                     !- Hour 9
  0,                                      !- Minute 9
  0.57,                                   !- Value Until Time 9
  14,                                     !- Hour 10
  0,                                      !- Minute 10
  0.54,                                   !- Value Until Time 10
  15,                                     !- Hour 11
  0,                                      !- Minute 11
  0.34,                                   !- Value Until Time 11
  16,                                     !- Hour 12
  0,                                      !- Minute 12
  0.33,                                   !- Value Until Time 12
  17,                                     !- Hour 13
  0,                                      !- Minute 13
  0.44,                                   !- Value Until Time 13
  18,                                     !- Hour 14
  0,                                      !- Minute 14
  0.26,                                   !- Value Until Time 14
  19,                                     !- Hour 15
  0,                                      !- Minute 15
  0.21,                                   !- Value Until Time 15
  20,                                     !- Hour 16
  0,                                      !- Minute 16
  0.15,                                   !- Value Until Time 16
  21,                                     !- Hour 17
  0,                                      !- Minute 17
  0.17,                                   !- Value Until Time 17
  22,                                     !- Hour 18
  0,                                      !- Minute 18
  0.08,                                   !- Value Until Time 18
  24,                                     !- Hour 19
  0,                                      !- Minute 19
  0.05;                                   !- Value Until Time 19

OS:Schedule:Day,
  {7651528c-f9fb-4458-a795-5cbfc289bc8c}, !- Handle
  Medium Office Hot Water Equipment Summer Design Day Schedule 1, !- Name
  {4d172b2d-dee8-4460-827b-c5b4a5fe967c}, !- Schedule Type Limits Name
  ,                                       !- Interpolate to Timestep
  5,                                      !- Hour 1
  0,                                      !- Minute 1
  0.05,                                   !- Value Until Time 1
  6,                                      !- Hour 2
  0,                                      !- Minute 2
  0.08,                                   !- Value Until Time 2
  7,                                      !- Hour 3
  0,                                      !- Minute 3
  0.07,                                   !- Value Until Time 3
  8,                                      !- Hour 4
  0,                                      !- Minute 4
  0.19,                                   !- Value Until Time 4
  9,                                      !- Hour 5
  0,                                      !- Minute 5
  0.35,                                   !- Value Until Time 5
  10,                                     !- Hour 6
  0,                                      !- Minute 6
  0.38,                                   !- Value Until Time 6
  11,                                     !- Hour 7
  0,                                      !- Minute 7
  0.39,                                   !- Value Until Time 7
  12,                                     !- Hour 8
  0,                                      !- Minute 8
  0.47,                                   !- Value Until Time 8
  13,                                     !- Hour 9
  0,                                      !- Minute 9
  0.57,                                   !- Value Until Time 9
  14,                                     !- Hour 10
  0,                                      !- Minute 10
  0.54,                                   !- Value Until Time 10
  15,                                     !- Hour 11
  0,                                      !- Minute 11
  0.34,                                   !- Value Until Time 11
  16,                                     !- Hour 12
  0,                                      !- Minute 12
  0.33,                                   !- Value Until Time 12
  17,                                     !- Hour 13
  0,                                      !- Minute 13
  0.44,                                   !- Value Until Time 13
  18,                                     !- Hour 14
  0,                                      !- Minute 14
  0.26,                                   !- Value Until Time 14
  19,                                     !- Hour 15
  0,                                      !- Minute 15
  0.21,                                   !- Value Until Time 15
  20,                                     !- Hour 16
  0,                                      !- Minute 16
  0.15,                                   !- Value Until Time 16
  21,                                     !- Hour 17
  0,                                      !- Minute 17
  0.17,                                   !- Value Until Time 17
  22,                                     !- Hour 18
  0,                                      !- Minute 18
  0.08,                                   !- Value Until Time 18
  24,                                     !- Hour 19
  0,                                      !- Minute 19
  0.05;                                   !- Value Until Time 19

OS:Schedule:Rule,
  {640523ad-2dec-4160-95f5-1ff1df7c162f}, !- Handle
  Medium Office Hot Water Schedule Weekdays Rule, !- Name
  {866e764f-62fd-4ee0-9028-8ab672286c03}, !- Schedule Ruleset Name
  1,                                      !- Rule Order
  {aa1cb01b-4b5a-443e-b394-ad38948fc939}, !- Day Schedule Name
  ,                                       !- Apply Sunday
  Yes,                                    !- Apply Monday
  Yes,                                    !- Apply Tuesday
  Yes,                                    !- Apply Wednesday
  Yes,                                    !- Apply Thursday
  Yes;                                    !- Apply Friday

OS:Schedule:Day,
  {aa1cb01b-4b5a-443e-b394-ad38948fc939}, !- Handle
  Medium Office Hot Water Equipment Weekdays Schedule, !- Name
  {4d172b2d-dee8-4460-827b-c5b4a5fe967c}, !- Schedule Type Limits Name
  ,                                       !- Interpolate to Timestep
  5,                                      !- Hour 1
  0,                                      !- Minute 1
  0.05,                                   !- Value Until Time 1
  6,                                      !- Hour 2
  0,                                      !- Minute 2
  0.08,                                   !- Value Until Time 2
  7,                                      !- Hour 3
  0,                                      !- Minute 3
  0.07,                                   !- Value Until Time 3
  8,                                      !- Hour 4
  0,                                      !- Minute 4
  0.19,                                   !- Value Until Time 4
  9,                                      !- Hour 5
  0,                                      !- Minute 5
  0.35,                                   !- Value Until Time 5
  10,                                     !- Hour 6
  0,                                      !- Minute 6
  0.38,                                   !- Value Until Time 6
  11,                                     !- Hour 7
  0,                                      !- Minute 7
  0.39,                                   !- Value Until Time 7
  12,                                     !- Hour 8
  0,                                      !- Minute 8
  0.47,                                   !- Value Until Time 8
  13,                                     !- Hour 9
  0,                                      !- Minute 9
  0.57,                                   !- Value Until Time 9
  14,                                     !- Hour 10
  0,                                      !- Minute 10
  0.54,                                   !- Value Until Time 10
  15,                                     !- Hour 11
  0,                                      !- Minute 11
  0.34,                                   !- Value Until Time 11
  16,                                     !- Hour 12
  0,                                      !- Minute 12
  0.33,                                   !- Value Until Time 12
  17,                                     !- Hour 13
  0,                                      !- Minute 13
  0.44,                                   !- Value Until Time 13
  18,                                     !- Hour 14
  0,                                      !- Minute 14
  0.26,                                   !- Value Until Time 14
  19,                                     !- Hour 15
  0,                                      !- Minute 15
  0.21,                                   !- Value Until Time 15
  20,                                     !- Hour 16
  0,                                      !- Minute 16
  0.15,                                   !- Value Until Time 16
  21,                                     !- Hour 17
  0,                                      !- Minute 17
  0.17,                                   !- Value Until Time 17
  22,                                     !- Hour 18
  0,                                      !- Minute 18
  0.08,                                   !- Value Until Time 18
  24,                                     !- Hour 19
  0,                                      !- Minute 19
  0.05;                                   !- Value Until Time 19

OS:Schedule:Day,
  {ce865a55-a816-41a8-b4f0-dd0f9c3d5739}, !- Handle
  Medium Office Hot Water Equipment Winter Design Day Schedule, !- Name
  ,                                       !- Schedule Type Limits Name
  ,                                       !- Interpolate to Timestep
  5,                                      !- Hour 1
  0,                                      !- Minute 1
  0.05,                                   !- Value Until Time 1
  6,                                      !- Hour 2
  0,                                      !- Minute 2
  0.08,                                   !- Value Until Time 2
  7,                                      !- Hour 3
  0,                                      !- Minute 3
  0.07,                                   !- Value Until Time 3
  8,                                      !- Hour 4
  0,                                      !- Minute 4
  0.11,                                   !- Value Until Time 4
  9,                                      !- Hour 5
  0,                                      !- Minute 5
  0.15,                                   !- Value Until Time 5
  10,                                     !- Hour 6
  0,                                      !- Minute 6
  0.21,                                   !- Value Until Time 6
  11,                                     !- Hour 7
  0,                                      !- Minute 7
  0.19,                                   !- Value Until Time 7
  12,                                     !- Hour 8
  0,                                      !- Minute 8
  0.23,                                   !- Value Until Time 8
  13,                                     !- Hour 9
  0,                                      !- Minute 9
  0.2,                                    !- Value Until Time 9
  14,                                     !- Hour 10
  0,                                      !- Minute 10
  0.19,                                   !- Value Until Time 10
  15,                                     !- Hour 11
  0,                                      !- Minute 11
  0.15,                                   !- Value Until Time 11
  16,                                     !- Hour 12
  0,                                      !- Minute 12
  0.13,                                   !- Value Until Time 12
  17,                                     !- Hour 13
  0,                                      !- Minute 13
  0.14,                                   !- Value Until Time 13
  21,                                     !- Hour 14
  0,                                      !- Minute 14
  0.07,                                   !- Value Until Time 14
  22,                                     !- Hour 15
  0,                                      !- Minute 15
  0.09,                                   !- Value Until Time 15
  24,                                     !- Hour 16
  0,                                      !- Minute 16
  0.05;                                   !- Value Until Time 16

OS:Schedule:Day,
  {d5c59a6c-057a-4e95-9ebf-bba7a5a44653}, !- Handle
  Medium Office Hot Water Equipment Winter Design Day Schedule 1, !- Name
  {4d172b2d-dee8-4460-827b-c5b4a5fe967c}, !- Schedule Type Limits Name
  ,                                       !- Interpolate to Timestep
  5,                                      !- Hour 1
  0,                                      !- Minute 1
  0.05,                                   !- Value Until Time 1
  6,                                      !- Hour 2
  0,                                      !- Minute 2
  0.08,                                   !- Value Until Time 2
  7,                                      !- Hour 3
  0,                                      !- Minute 3
  0.07,                                   !- Value Until Time 3
  8,                                      !- Hour 4
  0,                                      !- Minute 4
  0.11,                                   !- Value Until Time 4
  9,                                      !- Hour 5
  0,                                      !- Minute 5
  0.15,                                   !- Value Until Time 5
  10,                                     !- Hour 6
  0,                                      !- Minute 6
  0.21,                                   !- Value Until Time 6
  11,                                     !- Hour 7
  0,                                      !- Minute 7
  0.19,                                   !- Value Until Time 7
  12,                                     !- Hour 8
  0,                                      !- Minute 8
  0.23,                                   !- Value Until Time 8
  13,                                     !- Hour 9
  0,                                      !- Minute 9
  0.2,                                    !- Value Until Time 9
  14,                                     !- Hour 10
  0,                                      !- Minute 10
  0.19,                                   !- Value Until Time 10
  15,                                     !- Hour 11
  0,                                      !- Minute 11
  0.15,                                   !- Value Until Time 11
  16,                                     !- Hour 12
  0,                                      !- Minute 12
  0.13,                                   !- Value Until Time 12
  17,                                     !- Hour 13
  0,                                      !- Minute 13
  0.14,                                   !- Value Until Time 13
  21,                                     !- Hour 14
  0,                                      !- Minute 14
  0.07,                                   !- Value Until Time 14
  22,                                     !- Hour 15
  0,                                      !- Minute 15
  0.09,                                   !- Value Until Time 15
  24,                                     !- Hour 16
  0,                                      !- Minute 16
  0.05;                                   !- Value Until Time 16

OS:Schedule:Rule,
  {ef4ea7db-8bb0-4ca3-ae2d-19765cf82b27}, !- Handle
  Medium Office Hot Water Schedule Saturday Rule, !- Name
  {866e764f-62fd-4ee0-9028-8ab672286c03}, !- Schedule Ruleset Name
  0,                                      !- Rule Order
  {fec7e413-0727-4d8f-afa8-f68b816081ae}, !- Day Schedule Name
  ,                                       !- Apply Sunday
  ,                                       !- Apply Monday
  ,                                       !- Apply Tuesday
  ,                                       !- Apply Wednesday
  ,                                       !- Apply Thursday
  ,                                       !- Apply Friday
  Yes;                                    !- Apply Saturday

OS:Schedule:Day,
  {fec7e413-0727-4d8f-afa8-f68b816081ae}, !- Handle
  Medium Office Hot Water Equipment Saturday Schedule, !- Name
  {4d172b2d-dee8-4460-827b-c5b4a5fe967c}, !- Schedule Type Limits Name
  ,                                       !- Interpolate to Timestep
  5,                                      !- Hour 1
  0,                                      !- Minute 1
  0.05,                                   !- Value Until Time 1
  6,                                      !- Hour 2
  0,                                      !- Minute 2
  0.08,                                   !- Value Until Time 2
  7,                                      !- Hour 3
  0,                                      !- Minute 3
  0.07,                                   !- Value Until Time 3
  8,                                      !- Hour 4
  0,                                      !- Minute 4
  0.11,                                   !- Value Until Time 4
  9,                                      !- Hour 5
  0,                                      !- Minute 5
  0.15,                                   !- Value Until Time 5
  10,                                     !- Hour 6
  0,                                      !- Minute 6
  0.21,                                   !- Value Until Time 6
  11,                                     !- Hour 7
  0,                                      !- Minute 7
  0.19,                                   !- Value Until Time 7
  12,                                     !- Hour 8
  0,                                      !- Minute 8
  0.23,                                   !- Value Until Time 8
  13,                                     !- Hour 9
  0,                                      !- Minute 9
  0.2,                                    !- Value Until Time 9
  14,                                     !- Hour 10
  0,                                      !- Minute 10
  0.19,                                   !- Value Until Time 10
  15,                                     !- Hour 11
  0,                                      !- Minute 11
  0.15,                                   !- Value Until Time 11
  16,                                     !- Hour 12
  0,                                      !- Minute 12
  0.13,                                   !- Value Until Time 12
  17,                                     !- Hour 13
  0,                                      !- Minute 13
  0.14,                                   !- Value Until Time 13
  21,                                     !- Hour 14
  0,                                      !- Minute 14
  0.07,                                   !- Value Until Time 14
  22,                                     !- Hour 15
  0,                                      !- Minute 15
  0.09,                                   !- Value Until Time 15
  24,                                     !- Hour 16
  0,                                      !- Minute 16
  0.05;                                   !- Value Until Time 16

OS:Schedule:Ruleset,
  {330c48ef-7f3b-4d4f-b28b-c6e3589b7928}, !- Handle
  Medium Office Infiltration Schedule,    !- Name
  {4d172b2d-dee8-4460-827b-c5b4a5fe967c}, !- Schedule Type Limits Name
  {b5490e08-4f51-40a6-b7a2-f3f04441ae77}, !- Default Day Schedule Name
  {f265eda2-b6c0-4ba5-95c6-283ff446ea24}, !- Summer Design Day Schedule Name
  {28ba2ff7-a3aa-4e2e-880e-9cbdc869642e}; !- Winter Design Day Schedule Name

OS:Schedule:Day,
  {b5490e08-4f51-40a6-b7a2-f3f04441ae77}, !- Handle
  Medium Office Infiltration Default Schedule, !- Name
  {4d172b2d-dee8-4460-827b-c5b4a5fe967c}, !- Schedule Type Limits Name
  ,                                       !- Interpolate to Timestep
  24,                                     !- Hour 1
  0,                                      !- Minute 1
  1;                                      !- Value Until Time 1

OS:Schedule:Day,
  {51da0280-1574-4e78-95bb-6af53c5b78a9}, !- Handle
  Medium Office Infiltration Summer Design Day Schedule, !- Name
  ,                                       !- Schedule Type Limits Name
  ,                                       !- Interpolate to Timestep
  6,                                      !- Hour 1
  0,                                      !- Minute 1
  1,                                      !- Value Until Time 1
  22,                                     !- Hour 2
  0,                                      !- Minute 2
  0.25,                                   !- Value Until Time 2
  24,                                     !- Hour 3
  0,                                      !- Minute 3
  1;                                      !- Value Until Time 3

OS:Schedule:Day,
  {f265eda2-b6c0-4ba5-95c6-283ff446ea24}, !- Handle
  Medium Office Infiltration Summer Design Day Schedule 1, !- Name
  {4d172b2d-dee8-4460-827b-c5b4a5fe967c}, !- Schedule Type Limits Name
  ,                                       !- Interpolate to Timestep
  6,                                      !- Hour 1
  0,                                      !- Minute 1
  1,                                      !- Value Until Time 1
  22,                                     !- Hour 2
  0,                                      !- Minute 2
  0.25,                                   !- Value Until Time 2
  24,                                     !- Hour 3
  0,                                      !- Minute 3
  1;                                      !- Value Until Time 3

OS:Schedule:Rule,
  {6f9ada34-df7e-4786-b9cf-4f0ce5716d93}, !- Handle
  Medium Office Infiltration Schedule Weekdays Rule, !- Name
  {330c48ef-7f3b-4d4f-b28b-c6e3589b7928}, !- Schedule Ruleset Name
  1,                                      !- Rule Order
  {051afced-81b9-4b8b-8ac1-fafc1d5ae4d6}, !- Day Schedule Name
  ,                                       !- Apply Sunday
  Yes,                                    !- Apply Monday
  Yes,                                    !- Apply Tuesday
  Yes,                                    !- Apply Wednesday
  Yes,                                    !- Apply Thursday
  Yes;                                    !- Apply Friday

OS:Schedule:Day,
  {051afced-81b9-4b8b-8ac1-fafc1d5ae4d6}, !- Handle
  Medium Office Infiltration Weekdays Schedule, !- Name
  {4d172b2d-dee8-4460-827b-c5b4a5fe967c}, !- Schedule Type Limits Name
  ,                                       !- Interpolate to Timestep
  6,                                      !- Hour 1
  0,                                      !- Minute 1
  1,                                      !- Value Until Time 1
  22,                                     !- Hour 2
  0,                                      !- Minute 2
  0.25,                                   !- Value Until Time 2
  24,                                     !- Hour 3
  0,                                      !- Minute 3
  1;                                      !- Value Until Time 3

OS:Schedule:Day,
  {ec77aca0-be25-4c6d-b1fb-dafac00a71d6}, !- Handle
  Medium Office Infiltration Winter Design Day Schedule, !- Name
  ,                                       !- Schedule Type Limits Name
  ,                                       !- Interpolate to Timestep
  6,                                      !- Hour 1
  0,                                      !- Minute 1
  1,                                      !- Value Until Time 1
  18,                                     !- Hour 2
  0,                                      !- Minute 2
  0.25,                                   !- Value Until Time 2
  24,                                     !- Hour 3
  0,                                      !- Minute 3
  1;                                      !- Value Until Time 3

OS:Schedule:Day,
  {28ba2ff7-a3aa-4e2e-880e-9cbdc869642e}, !- Handle
  Medium Office Infiltration Winter Design Day Schedule 1, !- Name
  {4d172b2d-dee8-4460-827b-c5b4a5fe967c}, !- Schedule Type Limits Name
  ,                                       !- Interpolate to Timestep
  6,                                      !- Hour 1
  0,                                      !- Minute 1
  1,                                      !- Value Until Time 1
  18,                                     !- Hour 2
  0,                                      !- Minute 2
  0.25,                                   !- Value Until Time 2
  24,                                     !- Hour 3
  0,                                      !- Minute 3
  1;                                      !- Value Until Time 3

OS:Schedule:Rule,
  {55e2821b-b8ba-46a8-90ef-cf8a693c953f}, !- Handle
  Medium Office Infiltration Schedule Saturday Rule, !- Name
  {330c48ef-7f3b-4d4f-b28b-c6e3589b7928}, !- Schedule Ruleset Name
  0,                                      !- Rule Order
  {02b09866-7a33-4a3f-80a5-8296545d2fe1}, !- Day Schedule Name
  ,                                       !- Apply Sunday
  ,                                       !- Apply Monday
  ,                                       !- Apply Tuesday
  ,                                       !- Apply Wednesday
  ,                                       !- Apply Thursday
  ,                                       !- Apply Friday
  Yes;                                    !- Apply Saturday

OS:Schedule:Day,
  {02b09866-7a33-4a3f-80a5-8296545d2fe1}, !- Handle
  Medium Office Infiltration Saturday Schedule, !- Name
  {4d172b2d-dee8-4460-827b-c5b4a5fe967c}, !- Schedule Type Limits Name
  ,                                       !- Interpolate to Timestep
  6,                                      !- Hour 1
  0,                                      !- Minute 1
  1,                                      !- Value Until Time 1
  18,                                     !- Hour 2
  0,                                      !- Minute 2
  0.25,                                   !- Value Until Time 2
  24,                                     !- Hour 3
  0,                                      !- Minute 3
  1;                                      !- Value Until Time 3

OS:Schedule:Ruleset,
  {117cd00e-58a2-4bc3-84b5-fed05d5742c6}, !- Handle
  Medium Office Cooling Setpoint Schedule, !- Name
  {60da2b93-aea7-455f-8b26-70a32f5647e4}, !- Schedule Type Limits Name
  {8d583d79-9133-4587-ba47-a1f028f41d3f}, !- Default Day Schedule Name
  {d1837b8c-e6ec-44ac-b72a-fd57d94f2906}; !- Summer Design Day Schedule Name

OS:Schedule:Day,
  {8d583d79-9133-4587-ba47-a1f028f41d3f}, !- Handle
  Medium Office Cooling Setpoint All Other Days Schedule, !- Name
  {60da2b93-aea7-455f-8b26-70a32f5647e4}, !- Schedule Type Limits Name
  ,                                       !- Interpolate to Timestep
  24,                                     !- Hour 1
  0,                                      !- Minute 1
  26.7;                                   !- Value Until Time 1

OS:Schedule:Day,
  {8bea8d3c-6042-4e4f-8ab7-2f6ba7994be4}, !- Handle
  Medium Office Cooling Setpoint Summer Design Day Schedule, !- Name
  {60da2b93-aea7-455f-8b26-70a32f5647e4}, !- Schedule Type Limits Name
  ,                                       !- Interpolate to Timestep
  6,                                      !- Hour 1
  0,                                      !- Minute 1
  26.7,                                   !- Value Until Time 1
  22,                                     !- Hour 2
  0,                                      !- Minute 2
  24,                                     !- Value Until Time 2
  24,                                     !- Hour 3
  0,                                      !- Minute 3
  26.7;                                   !- Value Until Time 3

OS:Schedule:Day,
  {d1837b8c-e6ec-44ac-b72a-fd57d94f2906}, !- Handle
  Medium Office Cooling Setpoint Summer Design Day Schedule 1, !- Name
  {60da2b93-aea7-455f-8b26-70a32f5647e4}, !- Schedule Type Limits Name
  ,                                       !- Interpolate to Timestep
  6,                                      !- Hour 1
  0,                                      !- Minute 1
  26.7,                                   !- Value Until Time 1
  22,                                     !- Hour 2
  0,                                      !- Minute 2
  24,                                     !- Value Until Time 2
  24,                                     !- Hour 3
  0,                                      !- Minute 3
  26.7;                                   !- Value Until Time 3

OS:Schedule:Rule,
  {bbcf60eb-bb8b-4329-85ab-11df55f61933}, !- Handle
  Medium Office Cooling Setpoint Schedule Weekdays Rule, !- Name
  {117cd00e-58a2-4bc3-84b5-fed05d5742c6}, !- Schedule Ruleset Name
  1,                                      !- Rule Order
  {9977dd3e-48bf-4270-998f-a651ad8d76d4}, !- Day Schedule Name
  ,                                       !- Apply Sunday
  Yes,                                    !- Apply Monday
  Yes,                                    !- Apply Tuesday
  Yes,                                    !- Apply Wednesday
  Yes,                                    !- Apply Thursday
  Yes;                                    !- Apply Friday

OS:Schedule:Day,
  {9977dd3e-48bf-4270-998f-a651ad8d76d4}, !- Handle
  Medium Office Cooling Setpoint Weekdays Schedule, !- Name
  {60da2b93-aea7-455f-8b26-70a32f5647e4}, !- Schedule Type Limits Name
  ,                                       !- Interpolate to Timestep
  6,                                      !- Hour 1
  0,                                      !- Minute 1
  26.7,                                   !- Value Until Time 1
  22,                                     !- Hour 2
  0,                                      !- Minute 2
  24,                                     !- Value Until Time 2
  24,                                     !- Hour 3
  0,                                      !- Minute 3
  26.7;                                   !- Value Until Time 3

OS:Schedule:Rule,
  {bc8299e7-8f7e-4a49-9c34-8ec717fc5e1f}, !- Handle
  Medium Office Cooling Setpoint Schedule Saturday Rule, !- Name
  {117cd00e-58a2-4bc3-84b5-fed05d5742c6}, !- Schedule Ruleset Name
  0,                                      !- Rule Order
  {2b8a4c36-9196-48e0-bb97-d2f0ae99b3ab}, !- Day Schedule Name
  ,                                       !- Apply Sunday
  ,                                       !- Apply Monday
  ,                                       !- Apply Tuesday
  ,                                       !- Apply Wednesday
  ,                                       !- Apply Thursday
  ,                                       !- Apply Friday
  Yes;                                    !- Apply Saturday

OS:Schedule:Day,
  {2b8a4c36-9196-48e0-bb97-d2f0ae99b3ab}, !- Handle
  Medium Office Cooling Setpoint Saturday Schedule, !- Name
  {60da2b93-aea7-455f-8b26-70a32f5647e4}, !- Schedule Type Limits Name
  ,                                       !- Interpolate to Timestep
  6,                                      !- Hour 1
  0,                                      !- Minute 1
  26.7,                                   !- Value Until Time 1
  18,                                     !- Hour 2
  0,                                      !- Minute 2
  24,                                     !- Value Until Time 2
  24,                                     !- Hour 3
  0,                                      !- Minute 3
  26.7;                                   !- Value Until Time 3

OS:Schedule:Ruleset,
  {148943b6-22a4-4005-85f5-2720fc0e1238}, !- Handle
  Medium Office Heating Setpoint Schedule, !- Name
  {60da2b93-aea7-455f-8b26-70a32f5647e4}, !- Schedule Type Limits Name
  {ea066b0c-f61c-4bee-aa07-503e7505235b}, !- Default Day Schedule Name
  ,                                       !- Summer Design Day Schedule Name
  {e78202b9-2045-4c61-b792-d2790f175664}; !- Winter Design Day Schedule Name

OS:Schedule:Day,
  {ea066b0c-f61c-4bee-aa07-503e7505235b}, !- Handle
  Medium Office Heating Setpoint All Other Days Schedule, !- Name
  {60da2b93-aea7-455f-8b26-70a32f5647e4}, !- Schedule Type Limits Name
  ,                                       !- Interpolate to Timestep
  24,                                     !- Hour 1
  0,                                      !- Minute 1
  15.6;                                   !- Value Until Time 1

OS:Schedule:Day,
  {e17bb8f4-b203-4fa1-b06a-c61b324de35d}, !- Handle
  Medium Office Heating Setpoint Winter Design Day Schedule, !- Name
  {60da2b93-aea7-455f-8b26-70a32f5647e4}, !- Schedule Type Limits Name
  ,                                       !- Interpolate to Timestep
  24,                                     !- Hour 1
  0,                                      !- Minute 1
  21;                                     !- Value Until Time 1

OS:Schedule:Day,
  {e78202b9-2045-4c61-b792-d2790f175664}, !- Handle
  Medium Office Heating Setpoint Winter Design Day Schedule 1, !- Name
  {60da2b93-aea7-455f-8b26-70a32f5647e4}, !- Schedule Type Limits Name
  ,                                       !- Interpolate to Timestep
  24,                                     !- Hour 1
  0,                                      !- Minute 1
  21;                                     !- Value Until Time 1

OS:Schedule:Rule,
  {9994bd7a-8599-4336-a6ca-0f352bf9f5d9}, !- Handle
  Medium Office Heating Setpoint Schedule Weekdays Rule, !- Name
  {148943b6-22a4-4005-85f5-2720fc0e1238}, !- Schedule Ruleset Name
  1,                                      !- Rule Order
  {d2daf845-35f0-4b59-a636-68d0b68b9d56}, !- Day Schedule Name
  ,                                       !- Apply Sunday
  Yes,                                    !- Apply Monday
  Yes,                                    !- Apply Tuesday
  Yes,                                    !- Apply Wednesday
  Yes,                                    !- Apply Thursday
  Yes;                                    !- Apply Friday

OS:Schedule:Day,
  {d2daf845-35f0-4b59-a636-68d0b68b9d56}, !- Handle
  Medium Office Heating Setpoint Weekdays Schedule, !- Name
  {60da2b93-aea7-455f-8b26-70a32f5647e4}, !- Schedule Type Limits Name
  ,                                       !- Interpolate to Timestep
  6,                                      !- Hour 1
  0,                                      !- Minute 1
  15.6,                                   !- Value Until Time 1
  22,                                     !- Hour 2
  0,                                      !- Minute 2
  21,                                     !- Value Until Time 2
  24,                                     !- Hour 3
  0,                                      !- Minute 3
  15.6;                                   !- Value Until Time 3

OS:Schedule:Rule,
  {67c729ae-7df9-4a1e-84c6-b6c697a3bc13}, !- Handle
  Medium Office Heating Setpoint Schedule Saturday Rule, !- Name
  {148943b6-22a4-4005-85f5-2720fc0e1238}, !- Schedule Ruleset Name
  0,                                      !- Rule Order
  {7a8b908e-352f-4c4a-90fc-ffe7726fd2e5}, !- Day Schedule Name
  ,                                       !- Apply Sunday
  ,                                       !- Apply Monday
  ,                                       !- Apply Tuesday
  ,                                       !- Apply Wednesday
  ,                                       !- Apply Thursday
  ,                                       !- Apply Friday
  Yes;                                    !- Apply Saturday

OS:Schedule:Day,
  {7a8b908e-352f-4c4a-90fc-ffe7726fd2e5}, !- Handle
  Medium Office Heating Setpoint Saturday Schedule, !- Name
  {60da2b93-aea7-455f-8b26-70a32f5647e4}, !- Schedule Type Limits Name
  ,                                       !- Interpolate to Timestep
  6,                                      !- Hour 1
  0,                                      !- Minute 1
  15.6,                                   !- Value Until Time 1
  18,                                     !- Hour 2
  0,                                      !- Minute 2
  21,                                     !- Value Until Time 2
  24,                                     !- Hour 3
  0,                                      !- Minute 3
  15.6;                                   !- Value Until Time 3

OS:DefaultConstructionSet,
  {a661188a-6ac5-465f-8b29-062d0cfa23de}, !- Handle
  Default Constructions,                  !- Name
  {7477af66-df42-46de-950a-f91ddd5c1112}, !- Default Exterior Surface Constructions Name
  {52610b8b-e65d-494d-a17d-52399a55ab89}, !- Default Interior Surface Constructions Name
  {3a0de63e-1e23-4037-b029-cefb30f06fcb}, !- Default Ground Contact Surface Constructions Name
  {f63a6c13-b483-4ba7-a44d-4607a327221d}, !- Default Exterior SubSurface Constructions Name
  {c19ab07c-6b00-43a3-a4d7-60ab42bd95db}, !- Default Interior SubSurface Constructions Name
  {8406132d-03a5-4e6c-9751-9e2a23b8ab08}, !- Interior Partition Construction Name
  ,                                       !- Space Shading Construction Name
  ,                                       !- Building Shading Construction Name
  ,                                       !- Site Shading Construction Name
  ;                                       !- Adiabatic Surface Construction Name

OS:DefaultSurfaceConstructions,
  {7477af66-df42-46de-950a-f91ddd5c1112}, !- Handle
  Exterior Surface Constructions,         !- Name
  ,                                       !- Floor Construction Name
  {74a35eea-4304-454d-b8bf-6de2fdea2a90}, !- Wall Construction Name
  {c5b6ad4c-359f-4348-9c3f-d05a44647ebc}; !- Roof Ceiling Construction Name

OS:DefaultSurfaceConstructions,
  {52610b8b-e65d-494d-a17d-52399a55ab89}, !- Handle
  Interior Surface Constructions,         !- Name
  {a7401662-8eeb-40f1-901a-c0e2944fc73f}, !- Floor Construction Name
  {99fddb39-63bb-4f04-9266-71f4e0cfbc6d}, !- Wall Construction Name
  {1e2a9fc6-4f83-47c9-8e36-d9d96a1dc99e}; !- Roof Ceiling Construction Name

OS:DefaultSurfaceConstructions,
  {3a0de63e-1e23-4037-b029-cefb30f06fcb}, !- Handle
  Ground Contact Surface Constructions,   !- Name
  {549fec64-e201-44bf-9609-2a41816dd1ee}, !- Floor Construction Name
  ,                                       !- Wall Construction Name
  ;                                       !- Roof Ceiling Construction Name

OS:DefaultSubSurfaceConstructions,
  {f63a6c13-b483-4ba7-a44d-4607a327221d}, !- Handle
  Exterior SubSurface Constructions,      !- Name
  {09deb63b-3d21-493a-b22b-7553228a6a1d}, !- Fixed Window Construction Name
  {09deb63b-3d21-493a-b22b-7553228a6a1d}, !- Operable Window Construction Name
  {ed85a043-7929-4de9-a01a-6471661567db}, !- Door Construction Name
  {09deb63b-3d21-493a-b22b-7553228a6a1d}, !- Glass Door Construction Name
  {ed85a043-7929-4de9-a01a-6471661567db}, !- Overhead Door Construction Name
  {09deb63b-3d21-493a-b22b-7553228a6a1d}, !- Skylight Construction Name
  {09deb63b-3d21-493a-b22b-7553228a6a1d}, !- Tubular Daylight Dome Construction Name
  {09deb63b-3d21-493a-b22b-7553228a6a1d}; !- Tubular Daylight Diffuser Construction Name

OS:DefaultSubSurfaceConstructions,
  {c19ab07c-6b00-43a3-a4d7-60ab42bd95db}, !- Handle
  Interior SubSurface Constructions,      !- Name
  {2f5a5e02-fcef-4f45-9277-e482f36799c9}, !- Fixed Window Construction Name
  {2f5a5e02-fcef-4f45-9277-e482f36799c9}, !- Operable Window Construction Name
  {4dcd6d56-ce83-41b3-8335-bd77ae03c387}, !- Door Construction Name
  {2f5a5e02-fcef-4f45-9277-e482f36799c9}, !- Glass Door Construction Name
  {4dcd6d56-ce83-41b3-8335-bd77ae03c387}, !- Overhead Door Construction Name
  {2f5a5e02-fcef-4f45-9277-e482f36799c9}, !- Skylight Construction Name
  {2f5a5e02-fcef-4f45-9277-e482f36799c9}, !- Tubular Daylight Dome Construction Name
  {2f5a5e02-fcef-4f45-9277-e482f36799c9}; !- Tubular Daylight Diffuser Construction Name

OS:Material,
  {bb17c078-0730-4d33-bdc8-b40998cb5d62}, !- Handle
  M01 100mm brick,                        !- Name
  MediumRough,                            !- Roughness
  0.1016,                                 !- Thickness {m}
  0.89,                                   !- Conductivity {W/m-K}
  1920,                                   !- Density {kg/m3}
  790;                                    !- Specific Heat {J/kg-K}

OS:Material,
  {62b7643e-a12f-438a-bbad-19b2d90f3090}, !- Handle
  M15 200mm heavyweight concrete,         !- Name
  MediumRough,                            !- Roughness
  0.2032,                                 !- Thickness {m}
  1.95,                                   !- Conductivity {W/m-K}
  2240,                                   !- Density {kg/m3}
  900;                                    !- Specific Heat {J/kg-K}

OS:Material,
  {d53f091e-1598-4e66-b2d4-abf144ce10ee}, !- Handle
  I02 50mm insulation board,              !- Name
  MediumRough,                            !- Roughness
  0.0508,                                 !- Thickness {m}
  0.03,                                   !- Conductivity {W/m-K}
  43,                                     !- Density {kg/m3}
  1210;                                   !- Specific Heat {J/kg-K}

OS:Material:AirGap,
  {84fa4053-d2f0-4931-9ec3-9e13089f2881}, !- Handle
  F04 Wall air space resistance,          !- Name
  0.15;                                   !- Thermal Resistance {m2-K/W}

OS:Material,
  {a6d6a864-1d31-4984-8f6b-c3ac46b4d5a3}, !- Handle
  G01a 19mm gypsum board,                 !- Name
  MediumSmooth,                           !- Roughness
  0.019,                                  !- Thickness {m}
  0.16,                                   !- Conductivity {W/m-K}
  800,                                    !- Density {kg/m3}
  1090;                                   !- Specific Heat {J/kg-K}

OS:Construction,
  {74a35eea-4304-454d-b8bf-6de2fdea2a90}, !- Handle
  Exterior Wall,                          !- Name
  ,                                       !- Surface Rendering Name
  {bb17c078-0730-4d33-bdc8-b40998cb5d62}, !- Layer 1
  {62b7643e-a12f-438a-bbad-19b2d90f3090}, !- Layer 2
  {d53f091e-1598-4e66-b2d4-abf144ce10ee}, !- Layer 3
  {84fa4053-d2f0-4931-9ec3-9e13089f2881}, !- Layer 4
  {a6d6a864-1d31-4984-8f6b-c3ac46b4d5a3}; !- Layer 5

OS:StandardsInformation:Construction,
  {88b61592-a154-4bf2-9354-2a4ffdc9b821}, !- Handle
  {74a35eea-4304-454d-b8bf-6de2fdea2a90}, !- Construction Name
  ,                                       !- Intended Surface Type
  ,                                       !- Standards Construction Type
  2,                                      !- Perturbable Layer
  Insulation,                             !- Perturbable Layer Type
  ;                                       !- Other Perturbable Layer Type

OS:Material,
  {bac2cf60-f8ae-4565-8311-c7bd98a07f50}, !- Handle
  M11 100mm lightweight concrete,         !- Name
  MediumRough,                            !- Roughness
  0.1016,                                 !- Thickness {m}
  0.53,                                   !- Conductivity {W/m-K}
  1280,                                   !- Density {kg/m3}
  840;                                    !- Specific Heat {J/kg-K}

OS:Material:AirGap,
  {12330f5c-f0c3-459c-9bca-2225deed4315}, !- Handle
  F05 Ceiling air space resistance,       !- Name
  0.18;                                   !- Thermal Resistance {m2-K/W}

OS:Material,
  {e7382d46-8f2b-42ee-b1ac-b3701d14e498}, !- Handle
  F16 Acoustic tile,                      !- Name
  MediumSmooth,                           !- Roughness
  0.0191,                                 !- Thickness {m}
  0.06,                                   !- Conductivity {W/m-K}
  368,                                    !- Density {kg/m3}
  590;                                    !- Specific Heat {J/kg-K}

OS:Construction,
  {c5b6ad4c-359f-4348-9c3f-d05a44647ebc}, !- Handle
  Exterior Roof,                          !- Name
  ,                                       !- Surface Rendering Name
  {bac2cf60-f8ae-4565-8311-c7bd98a07f50}, !- Layer 1
  {12330f5c-f0c3-459c-9bca-2225deed4315}, !- Layer 2
  {e7382d46-8f2b-42ee-b1ac-b3701d14e498}; !- Layer 3

OS:Construction,
  {a7401662-8eeb-40f1-901a-c0e2944fc73f}, !- Handle
  Interior Floor,                         !- Name
  ,                                       !- Surface Rendering Name
  {e7382d46-8f2b-42ee-b1ac-b3701d14e498}, !- Layer 1
  {12330f5c-f0c3-459c-9bca-2225deed4315}, !- Layer 2
  {bac2cf60-f8ae-4565-8311-c7bd98a07f50}; !- Layer 3

OS:Construction:AirBoundary,
  {99fddb39-63bb-4f04-9266-71f4e0cfbc6d}, !- Handle
  Air Wall,                               !- Name
  ,                                       !- Air Exchange Method
  0;                                      !- Simple Mixing Air Changes per Hour {1/hr}

OS:Construction,
  {1e2a9fc6-4f83-47c9-8e36-d9d96a1dc99e}, !- Handle
  Interior Ceiling,                       !- Name
  ,                                       !- Surface Rendering Name
  {bac2cf60-f8ae-4565-8311-c7bd98a07f50}, !- Layer 1
  {12330f5c-f0c3-459c-9bca-2225deed4315}, !- Layer 2
  {e7382d46-8f2b-42ee-b1ac-b3701d14e498}; !- Layer 3

OS:Material,
  {14471c19-467f-4813-8584-090b173b035c}, !- Handle
  MAT-CC05 8 HW CONCRETE,                 !- Name
  Rough,                                  !- Roughness
  0.2032,                                 !- Thickness {m}
  1.311,                                  !- Conductivity {W/m-K}
  2240,                                   !- Density {kg/m3}
  836.8,                                  !- Specific Heat {J/kg-K}
  0.9,                                    !- Thermal Absorptance
  0.7,                                    !- Solar Absorptance
  0.7;                                    !- Visible Absorptance

OS:Material:NoMass,
  {37c15f5b-5877-49c6-8893-d8ece353b25d}, !- Handle
  CP02 CARPET PAD,                        !- Name
  VeryRough,                              !- Roughness
  0.2165,                                 !- Thermal Resistance {m2-K/W}
  0.9,                                    !- Thermal Absorptance
  0.7,                                    !- Solar Absorptance
  0.8;                                    !- Visible Absorptance

OS:Construction,
  {549fec64-e201-44bf-9609-2a41816dd1ee}, !- Handle
  Slab,                                   !- Name
  ,                                       !- Surface Rendering Name
  {14471c19-467f-4813-8584-090b173b035c}, !- Layer 1
  {37c15f5b-5877-49c6-8893-d8ece353b25d}; !- Layer 2

OS:WindowMaterial:SimpleGlazingSystem,
  {e3e2bb9f-020d-40e4-a65b-b1213d2161f4}, !- Handle
  Simple Glazing,                         !- Name
  3.23646,                                !- U-Factor {W/m2-K}
  0.39,                                   !- Solar Heat Gain Coefficient
  0.6;                                    !- Visible Transmittance

OS:WindowMaterial:Glazing,
  {a1540a32-a439-498f-8c1a-1961a7be081b}, !- Handle
  Clear 3mm,                              !- Name
  SpectralAverage,                        !- Optical Data Type
  ,                                       !- Window Glass Spectral Data Set Name
  0.003,                                  !- Thickness {m}
  0.837,                                  !- Solar Transmittance at Normal Incidence
  0.075,                                  !- Front Side Solar Reflectance at Normal Incidence
  0.075,                                  !- Back Side Solar Reflectance at Normal Incidence
  0.898,                                  !- Visible Transmittance at Normal Incidence
  0.081,                                  !- Front Side Visible Reflectance at Normal Incidence
  0.081,                                  !- Back Side Visible Reflectance at Normal Incidence
  0,                                      !- Infrared Transmittance at Normal Incidence
  0.084,                                  !- Front Side Infrared Hemispherical Emissivity
  0.084,                                  !- Back Side Infrared Hemispherical Emissivity
  0.9;                                    !- Conductivity {W/m-K}

OS:WindowMaterial:Gas,
  {51333940-f3ba-4a07-abef-fcc3709a8981}, !- Handle
  Air 13mm,                               !- Name
  Air,                                    !- Gas Type
  0.0127;                                 !- Thickness {m}

OS:Construction,
  {09deb63b-3d21-493a-b22b-7553228a6a1d}, !- Handle
  Exterior Window,                        !- Name
  ,                                       !- Surface Rendering Name
  {e3e2bb9f-020d-40e4-a65b-b1213d2161f4}; !- Layer 1

OS:Material,
  {c837baee-65af-4513-b5fb-39fe8c4b508c}, !- Handle
  F08 Metal surface,                      !- Name
  Smooth,                                 !- Roughness
  0.0008,                                 !- Thickness {m}
  45.28,                                  !- Conductivity {W/m-K}
  7824,                                   !- Density {kg/m3}
  500;                                    !- Specific Heat {J/kg-K}

OS:Material,
  {7a1463b3-4e65-4fb4-b7e9-e68eabc32762}, !- Handle
  I02 25mm insulation board,              !- Name
  MediumRough,                            !- Roughness
  0.0254,                                 !- Thickness {m}
  0.03,                                   !- Conductivity {W/m-K}
  43,                                     !- Density {kg/m3}
  1210;                                   !- Specific Heat {J/kg-K}

OS:Construction,
  {ed85a043-7929-4de9-a01a-6471661567db}, !- Handle
  Exterior Door,                          !- Name
  ,                                       !- Surface Rendering Name
  {c837baee-65af-4513-b5fb-39fe8c4b508c}, !- Layer 1
  {7a1463b3-4e65-4fb4-b7e9-e68eabc32762}; !- Layer 2

OS:StandardsInformation:Construction,
  {eba33fa7-ab07-4e68-926e-6ba2580c4f83}, !- Handle
  {ed85a043-7929-4de9-a01a-6471661567db}, !- Construction Name
  ,                                       !- Intended Surface Type
  ,                                       !- Standards Construction Type
  1,                                      !- Perturbable Layer
  Insulation,                             !- Perturbable Layer Type
  ;                                       !- Other Perturbable Layer Type

OS:Construction,
  {2f5a5e02-fcef-4f45-9277-e482f36799c9}, !- Handle
  Interior Window,                        !- Name
  ,                                       !- Surface Rendering Name
  {e3e2bb9f-020d-40e4-a65b-b1213d2161f4}; !- Layer 1

OS:Material,
  {5ee0cce2-f149-4ae6-a830-e109875ca753}, !- Handle
  G05 25mm wood,                          !- Name
  MediumSmooth,                           !- Roughness
  0.0254,                                 !- Thickness {m}
  0.15,                                   !- Conductivity {W/m-K}
  608,                                    !- Density {kg/m3}
  1630;                                   !- Specific Heat {J/kg-K}

OS:Construction,
  {4dcd6d56-ce83-41b3-8335-bd77ae03c387}, !- Handle
  Interior Door,                          !- Name
  ,                                       !- Surface Rendering Name
  {5ee0cce2-f149-4ae6-a830-e109875ca753}; !- Layer 1

OS:Construction,
  {8406132d-03a5-4e6c-9751-9e2a23b8ab08}, !- Handle
  Interior Partition,                     !- Name
  ,                                       !- Surface Rendering Name
  {5ee0cce2-f149-4ae6-a830-e109875ca753}; !- Layer 1

OS:SpaceType,
  {91c506c1-b1bf-4361-9bf5-5ff25cebc63a}, !- Handle
  Space Type 1;                           !- Name

OS:Lights:Definition,
  {c3f0e108-231f-43bc-a78f-687b46aca054}, !- Handle
  Lights Definition 1,                    !- Name
  Watts/Area,                             !- Design Level Calculation Method
  ,                                       !- Lighting Level {W}
  10,                                     !- Watts per Space Floor Area {W/m2}
  ;                                       !- Watts per Person {W/person}

OS:Lights,
  {49f92946-d2e0-419f-ad3e-0d34b1e11588}, !- Handle
  Lights 1,                               !- Name
  {c3f0e108-231f-43bc-a78f-687b46aca054}, !- Lights Definition Name
  {91c506c1-b1bf-4361-9bf5-5ff25cebc63a}, !- Space or SpaceType Name
  ,                                       !- Schedule Name
  1,                                      !- Fraction Replaceable
  ,                                       !- Multiplier
  General;                                !- End-Use Subcategory

OS:ElectricEquipment:Definition,
  {82b95a60-0ca3-4383-babe-cec83d9bff7b}, !- Handle
  Electric Equipment Definition 1,        !- Name
  Watts/Area,                             !- Design Level Calculation Method
  ,                                       !- Design Level {W}
  5,                                      !- Watts per Space Floor Area {W/m2}
  ;                                       !- Watts per Person {W/person}

OS:ElectricEquipment,
  {1c39d45d-2985-4e08-86b0-550414fb6f35}, !- Handle
  Electric Equipment 1,                   !- Name
  {82b95a60-0ca3-4383-babe-cec83d9bff7b}, !- Electric Equipment Definition Name
  {91c506c1-b1bf-4361-9bf5-5ff25cebc63a}, !- Space or SpaceType Name
  ,                                       !- Schedule Name
  ,                                       !- Multiplier
  General;                                !- End-Use Subcategory

OS:People:Definition,
  {2506d578-4bef-412f-826a-ffd23a248afe}, !- Handle
  People Definition 1,                    !- Name
  People/Area,                            !- Number of People Calculation Method
  ,                                       !- Number of People {people}
  0.05,                                   !- People per Space Floor Area {person/m2}
  ,                                       !- Space Floor Area per Person {m2/person}
  0.3;                                    !- Fraction Radiant

OS:People,
  {2aef4f81-8ee3-4c9f-bc97-442db8b5d90a}, !- Handle
  People 1,                               !- Name
  {2506d578-4bef-412f-826a-ffd23a248afe}, !- People Definition Name
  {91c506c1-b1bf-4361-9bf5-5ff25cebc63a}, !- Space or SpaceType Name
  ,                                       !- Number of People Schedule Name
  ,                                       !- Activity Level Schedule Name
  ,                                       !- Surface Name/Angle Factor List Name
  ,                                       !- Work Efficiency Schedule Name
  ClothingInsulationSchedule,             !- Clothing Insulation Calculation Method
  ,                                       !- Clothing Insulation Calculation Method Schedule Name
  ,                                       !- Clothing Insulation Schedule Name
  ,                                       !- Air Velocity Schedule Name
  1;                                      !- Multiplier

OS:Facility,
  {18dffb64-a61a-488c-b97f-9f8eef415f6b}; !- Handle

OS:Building,
  {564c6554-7afc-4d7d-9db3-09a61a682829}, !- Handle
  Building 1,                             !- Name
  ,                                       !- Building Sector Type
  ,                                       !- North Axis {deg}
  ,                                       !- Nominal Floor to Floor Height {m}
  {91c506c1-b1bf-4361-9bf5-5ff25cebc63a}, !- Space Type Name
  {a661188a-6ac5-465f-8b29-062d0cfa23de}, !- Default Construction Set Name
  {a7222a35-93a4-4f3a-b91b-b852b81e8112}; !- Default Schedule Set Name

OS:ThermalZone,
  {e4a8a331-85c7-45f1-ae75-30d887535ac1}, !- Handle
  Thermal Zone 1,                         !- Name
  ,                                       !- Multiplier
  ,                                       !- Ceiling Height {m}
  ,                                       !- Volume {m3}
  ,                                       !- Floor Area {m2}
  ,                                       !- Zone Inside Convection Algorithm
  ,                                       !- Zone Outside Convection Algorithm
  ,                                       !- Zone Conditioning Equipment List Name
  {ad866439-56aa-4119-b28d-654aec6c835b}, !- Zone Air Inlet Port List
  {db5092ce-90e4-4d85-b6a2-94c610bbbca5}, !- Zone Air Exhaust Port List
  {7de90318-3aca-4b61-9390-6cf3bf188ccb}, !- Zone Air Node Name
  {197b5322-5d23-4bfb-8af8-ff78e92de194}, !- Zone Return Air Port List
  {31e578e0-c450-407b-824c-70db0f125265}, !- Primary Daylighting Control Name
  0.25,                                   !- Fraction of Zone Controlled by Primary Daylighting Control
  ,                                       !- Secondary Daylighting Control Name
  ,                                       !- Fraction of Zone Controlled by Secondary Daylighting Control
  {95229feb-d034-4152-8f52-bab918304b6b}, !- Illuminance Map Name
  ,                                       !- Group Rendering Name
  {d532cb77-d8d8-4320-92ed-3a2f7334b4ab}, !- Thermostat Name
  No;                                     !- Use Ideal Air Loads

OS:Node,
  {3ac269e5-16c3-4291-b8f8-f25b9a8721b6}, !- Handle
  Node 1,                                 !- Name
  {7de90318-3aca-4b61-9390-6cf3bf188ccb}, !- Inlet Port
  ;                                       !- Outlet Port

OS:Connection,
  {7de90318-3aca-4b61-9390-6cf3bf188ccb}, !- Handle
  {e4a8a331-85c7-45f1-ae75-30d887535ac1}, !- Source Object
  11,                                     !- Outlet Port
  {3ac269e5-16c3-4291-b8f8-f25b9a8721b6}, !- Target Object
  2;                                      !- Inlet Port

OS:PortList,
  {ad866439-56aa-4119-b28d-654aec6c835b}, !- Handle
  {e4a8a331-85c7-45f1-ae75-30d887535ac1}, !- HVAC Component
  {c8099f78-c96b-4472-b4c0-d0b9bccbcab7}; !- Port 1

OS:PortList,
  {db5092ce-90e4-4d85-b6a2-94c610bbbca5}, !- Handle
  {e4a8a331-85c7-45f1-ae75-30d887535ac1}; !- HVAC Component

OS:PortList,
  {197b5322-5d23-4bfb-8af8-ff78e92de194}, !- Handle
  {e4a8a331-85c7-45f1-ae75-30d887535ac1}, !- HVAC Component
  {b22706fa-a9d0-4940-a593-2294babf4f4a}; !- Port 1

OS:Sizing:Zone,
  {64e6f36a-0346-4527-a7a6-45f53e1748e8}, !- Handle
  {e4a8a331-85c7-45f1-ae75-30d887535ac1}, !- Zone or ZoneList Name
  SupplyAirTemperature,                   !- Zone Cooling Design Supply Air Temperature Input Method
  14,                                     !- Zone Cooling Design Supply Air Temperature {C}
  11.11,                                  !- Zone Cooling Design Supply Air Temperature Difference {deltaC}
  SupplyAirTemperature,                   !- Zone Heating Design Supply Air Temperature Input Method
  40,                                     !- Zone Heating Design Supply Air Temperature {C}
  11.11,                                  !- Zone Heating Design Supply Air Temperature Difference {deltaC}
  0.0085,                                 !- Zone Cooling Design Supply Air Humidity Ratio {kg-H2O/kg-air}
  0.008,                                  !- Zone Heating Design Supply Air Humidity Ratio {kg-H2O/kg-air}
  ,                                       !- Zone Heating Sizing Factor
  ,                                       !- Zone Cooling Sizing Factor
  DesignDay,                              !- Cooling Design Air Flow Method
  ,                                       !- Cooling Design Air Flow Rate {m3/s}
  ,                                       !- Cooling Minimum Air Flow per Zone Floor Area {m3/s-m2}
  ,                                       !- Cooling Minimum Air Flow {m3/s}
  ,                                       !- Cooling Minimum Air Flow Fraction
  DesignDay,                              !- Heating Design Air Flow Method
  ,                                       !- Heating Design Air Flow Rate {m3/s}
  ,                                       !- Heating Maximum Air Flow per Zone Floor Area {m3/s-m2}
  ,                                       !- Heating Maximum Air Flow {m3/s}
  ,                                       !- Heating Maximum Air Flow Fraction
  No,                                     !- Account for Dedicated Outdoor Air System
  NeutralSupplyAir,                       !- Dedicated Outdoor Air System Control Strategy
  autosize,                               !- Dedicated Outdoor Air Low Setpoint Temperature for Design {C}
  autosize,                               !- Dedicated Outdoor Air High Setpoint Temperature for Design {C}
  Sensible Load Only No Latent Load,      !- Zone Load Sizing Method
  HumidityRatioDifference,                !- Zone Latent Cooling Design Supply Air Humidity Ratio Input Method
  ,                                       !- Zone Dehumidification Design Supply Air Humidity Ratio {kgWater/kgDryAir}
  0.005,                                  !- Zone Cooling Design Supply Air Humidity Ratio Difference {kgWater/kgDryAir}
  HumidityRatioDifference,                !- Zone Latent Heating Design Supply Air Humidity Ratio Input Method
  ,                                       !- Zone Humidification Design Supply Air Humidity Ratio {kgWater/kgDryAir}
  0.005,                                  !- Zone Humidification Design Supply Air Humidity Ratio Difference {kgWater/kgDryAir}
  ,                                       !- Zone Humidistat Dehumidification Set Point Schedule Name
  ,                                       !- Zone Humidistat Humidification Set Point Schedule Name
  ,                                       !- Design Zone Air Distribution Effectiveness in Cooling Mode
  ,                                       !- Design Zone Air Distribution Effectiveness in Heating Mode
  ,                                       !- Design Zone Secondary Recirculation Fraction {dimensionless}
  ,                                       !- Design Minimum Zone Ventilation Efficiency {dimensionless}
  Coincident,                             !- Sizing Option
  None,                                   !- Heating Coil Sizing Method
  1;                                      !- Maximum Heating Capacity To Cooling Load Sizing Ratio {W/W}

OS:ZoneHVAC:EquipmentList,
  {28831943-f4d4-4690-979e-304cf20aab8b}, !- Handle
  Zone HVAC Equipment List 1,             !- Name
  {e4a8a331-85c7-45f1-ae75-30d887535ac1}, !- Thermal Zone
  ,                                       !- Load Distribution Scheme
  {904bd2d1-8ded-4627-8570-741eef3645c2}, !- Zone Equipment 1
  1,                                      !- Zone Equipment Cooling Sequence 1
  1,                                      !- Zone Equipment Heating or No-Load Sequence 1
  ,                                       !- Zone Equipment Sequential Cooling Fraction Schedule Name 1
  ;                                       !- Zone Equipment Sequential Heating Fraction Schedule Name 1

OS:ThermostatSetpoint:DualSetpoint,
  {d532cb77-d8d8-4320-92ed-3a2f7334b4ab}, !- Handle
  Thermostat Setpoint Dual Setpoint 1,    !- Name
  {148943b6-22a4-4005-85f5-2720fc0e1238}, !- Heating Setpoint Temperature Schedule Name
  {117cd00e-58a2-4bc3-84b5-fed05d5742c6}; !- Cooling Setpoint Temperature Schedule Name

OS:BuildingStory,
  {eda2bc67-b253-4c51-abfe-113902d17bd3}, !- Handle
  Building Story 1,                       !- Name
  0,                                      !- Nominal Z Coordinate {m}
  3,                                      !- Nominal Floor to Floor Height {m}
  ,                                       !- Default Construction Set Name
  ,                                       !- Default Schedule Set Name
  ;                                       !- Group Rendering Name

OS:Space,
  {607df316-d185-461c-b6d2-ad2e45d74aaf}, !- Handle
  Space 1,                                !- Name
  ,                                       !- Space Type Name
  ,                                       !- Default Construction Set Name
  ,                                       !- Default Schedule Set Name
  ,                                       !- Direction of Relative North {deg}
  ,                                       !- X Origin {m}
  ,                                       !- Y Origin {m}
  ,                                       !- Z Origin {m}
  {eda2bc67-b253-4c51-abfe-113902d17bd3}, !- Building Story Name
  {e4a8a331-85c7-45f1-ae75-30d887535ac1}; !- Thermal Zone Name

OS:Surface,
  {9b8e893b-beab-4d3e-8d3a-e46e61f927d3}, !- Handle
  Surface 1,                              !- Name
  Floor,                                  !- Surface Type
  ,                                       !- Construction Name
  {607df316-d185-461c-b6d2-ad2e45d74aaf}, !- Space Name
  Ground,                                 !- Outside Boundary Condition
  ,                                       !- Outside Boundary Condition Object
  NoSun,                                  !- Sun Exposure
  NoWind,                                 !- Wind Exposure
  ,                                       !- View Factor to Ground
  ,                                       !- Number of Vertices
  0, 0, 0,                                !- X,Y,Z Vertex 1 {m}
  0, 10, 0,                               !- X,Y,Z Vertex 2 {m}
  10, 10, 0,                              !- X,Y,Z Vertex 3 {m}
  10, 0, 0;                               !- X,Y,Z Vertex 4 {m}

OS:Surface,
  {3d4cf23e-3429-4af2-9007-0ba53487228b}, !- Handle
  Surface 2,                              !- Name
  Wall,                                   !- Surface Type
  ,                                       !- Construction Name
  {607df316-d185-461c-b6d2-ad2e45d74aaf}, !- Space Name
  Outdoors,                               !- Outside Boundary Condition
  ,                                       !- Outside Boundary Condition Object
  SunExposed,                             !- Sun Exposure
  WindExposed,                            !- Wind Exposure
  ,                                       !- View Factor to Ground
  ,                                       !- Number of Vertices
  0, 0, 3,                                !- X,Y,Z Vertex 1 {m}
  0, 10, 3,                               !- X,Y,Z Vertex 2 {m}
  0, 10, 0,                               !- X,Y,Z Vertex 3 {m}
  0, 0, 0;                                !- X,Y,Z Vertex 4 {m}

OS:Surface,
  {571c511e-1d3a-463c-aec4-7d5b47dd9fcb}, !- Handle
  Surface 3,                              !- Name
  Wall,                                   !- Surface Type
  ,                                       !- Construction Name
  {607df316-d185-461c-b6d2-ad2e45d74aaf}, !- Space Name
  Surface,                                !- Outside Boundary Condition
  {9d681677-0aa5-453a-b8d7-59c177619069}, !- Outside Boundary Condition Object
  NoSun,                                  !- Sun Exposure
  NoWind,                                 !- Wind Exposure
  ,                                       !- View Factor to Ground
  ,                                       !- Number of Vertices
  0, 10, 3,                               !- X,Y,Z Vertex 1 {m}
  10, 10, 3,                              !- X,Y,Z Vertex 2 {m}
  10, 10, 0,                              !- X,Y,Z Vertex 3 {m}
  0, 10, 0;                               !- X,Y,Z Vertex 4 {m}

OS:Surface,
  {b98bdef8-0435-457d-b96a-095a87f82705}, !- Handle
  Surface 4,                              !- Name
  Wall,                                   !- Surface Type
  ,                                       !- Construction Name
  {607df316-d185-461c-b6d2-ad2e45d74aaf}, !- Space Name
  Surface,                                !- Outside Boundary Condition
  {da48d150-cccd-488f-a630-ab8c2838e469}, !- Outside Boundary Condition Object
  NoSun,                                  !- Sun Exposure
  NoWind,                                 !- Wind Exposure
  ,                                       !- View Factor to Ground
  ,                                       !- Number of Vertices
  10, 10, 3,                              !- X,Y,Z Vertex 1 {m}
  10, 0, 3,                               !- X,Y,Z Vertex 2 {m}
  10, 0, 0,                               !- X,Y,Z Vertex 3 {m}
  10, 10, 0;                              !- X,Y,Z Vertex 4 {m}

OS:Surface,
  {f6efe4d0-9d70-4acd-9c42-8a6a9557b68e}, !- Handle
  Surface 5,                              !- Name
  Wall,                                   !- Surface Type
  ,                                       !- Construction Name
  {607df316-d185-461c-b6d2-ad2e45d74aaf}, !- Space Name
  Outdoors,                               !- Outside Boundary Condition
  ,                                       !- Outside Boundary Condition Object
  SunExposed,                             !- Sun Exposure
  WindExposed,                            !- Wind Exposure
  ,                                       !- View Factor to Ground
  ,                                       !- Number of Vertices
  10, 0, 3,                               !- X,Y,Z Vertex 1 {m}
  0, 0, 3,                                !- X,Y,Z Vertex 2 {m}
  0, 0, 0,                                !- X,Y,Z Vertex 3 {m}
  10, 0, 0;                               !- X,Y,Z Vertex 4 {m}

OS:Surface,
  {807eda0b-acf4-4fe8-8d80-09869cbbe165}, !- Handle
  Surface 6,                              !- Name
  RoofCeiling,                            !- Surface Type
  ,                                       !- Construction Name
  {607df316-d185-461c-b6d2-ad2e45d74aaf}, !- Space Name
  Outdoors,                               !- Outside Boundary Condition
  ,                                       !- Outside Boundary Condition Object
  SunExposed,                             !- Sun Exposure
  WindExposed,                            !- Wind Exposure
  ,                                       !- View Factor to Ground
  ,                                       !- Number of Vertices
  10, 0, 3,                               !- X,Y,Z Vertex 1 {m}
  10, 10, 3,                              !- X,Y,Z Vertex 2 {m}
  0, 10, 3,                               !- X,Y,Z Vertex 3 {m}
  0, 0, 3;                                !- X,Y,Z Vertex 4 {m}

OS:Space,
  {c4e64d87-889d-4056-983f-5710bb1deb92}, !- Handle
  Space 2,                                !- Name
  ,                                       !- Space Type Name
  ,                                       !- Default Construction Set Name
  ,                                       !- Default Schedule Set Name
  ,                                       !- Direction of Relative North {deg}
  10,                                     !- X Origin {m}
  ,                                       !- Y Origin {m}
  ,                                       !- Z Origin {m}
  {eda2bc67-b253-4c51-abfe-113902d17bd3}, !- Building Story Name
  {e4a8a331-85c7-45f1-ae75-30d887535ac1}; !- Thermal Zone Name

OS:Surface,
  {16590e81-8711-473a-9b2d-8915f21fe7a1}, !- Handle
  Surface 7,                              !- Name
  Floor,                                  !- Surface Type
  ,                                       !- Construction Name
  {c4e64d87-889d-4056-983f-5710bb1deb92}, !- Space Name
  Ground,                                 !- Outside Boundary Condition
  ,                                       !- Outside Boundary Condition Object
  NoSun,                                  !- Sun Exposure
  NoWind,                                 !- Wind Exposure
  ,                                       !- View Factor to Ground
  ,                                       !- Number of Vertices
  0, 0, 0,                                !- X,Y,Z Vertex 1 {m}
  0, 10, 0,                               !- X,Y,Z Vertex 2 {m}
  10, 10, 0,                              !- X,Y,Z Vertex 3 {m}
  10, 0, 0;                               !- X,Y,Z Vertex 4 {m}

OS:Surface,
  {da48d150-cccd-488f-a630-ab8c2838e469}, !- Handle
  Surface 8,                              !- Name
  Wall,                                   !- Surface Type
  ,                                       !- Construction Name
  {c4e64d87-889d-4056-983f-5710bb1deb92}, !- Space Name
  Surface,                                !- Outside Boundary Condition
  {b98bdef8-0435-457d-b96a-095a87f82705}, !- Outside Boundary Condition Object
  NoSun,                                  !- Sun Exposure
  NoWind,                                 !- Wind Exposure
  ,                                       !- View Factor to Ground
  ,                                       !- Number of Vertices
  0, 0, 3,                                !- X,Y,Z Vertex 1 {m}
  0, 10, 3,                               !- X,Y,Z Vertex 2 {m}
  0, 10, 0,                               !- X,Y,Z Vertex 3 {m}
  0, 0, 0;                                !- X,Y,Z Vertex 4 {m}

OS:Surface,
  {bdd7dbdd-af77-4258-98ce-ae4cc07b1aff}, !- Handle
  Surface 9,                              !- Name
  Wall,                                   !- Surface Type
  ,                                       !- Construction Name
  {c4e64d87-889d-4056-983f-5710bb1deb92}, !- Space Name
  Surface,                                !- Outside Boundary Condition
  {b8754f67-4a90-46a3-9c4c-a73482388fee}, !- Outside Boundary Condition Object
  NoSun,                                  !- Sun Exposure
  NoWind,                                 !- Wind Exposure
  ,                                       !- View Factor to Ground
  ,                                       !- Number of Vertices
  0, 10, 3,                               !- X,Y,Z Vertex 1 {m}
  10, 10, 3,                              !- X,Y,Z Vertex 2 {m}
  10, 10, 0,                              !- X,Y,Z Vertex 3 {m}
  0, 10, 0;                               !- X,Y,Z Vertex 4 {m}

OS:Surface,
  {258fc76a-ab80-4275-b8e5-2558f8cdd459}, !- Handle
  Surface 10,                             !- Name
  Wall,                                   !- Surface Type
  ,                                       !- Construction Name
  {c4e64d87-889d-4056-983f-5710bb1deb92}, !- Space Name
  Outdoors,                               !- Outside Boundary Condition
  ,                                       !- Outside Boundary Condition Object
  SunExposed,                             !- Sun Exposure
  WindExposed,                            !- Wind Exposure
  ,                                       !- View Factor to Ground
  ,                                       !- Number of Vertices
  10, 10, 3,                              !- X,Y,Z Vertex 1 {m}
  10, 0, 3,                               !- X,Y,Z Vertex 2 {m}
  10, 0, 0,                               !- X,Y,Z Vertex 3 {m}
  10, 10, 0;                              !- X,Y,Z Vertex 4 {m}

OS:Surface,
  {3b69f8e3-a8c0-44c4-bca4-3e2b25ec15c7}, !- Handle
  Surface 11,                             !- Name
  Wall,                                   !- Surface Type
  ,                                       !- Construction Name
  {c4e64d87-889d-4056-983f-5710bb1deb92}, !- Space Name
  Outdoors,                               !- Outside Boundary Condition
  ,                                       !- Outside Boundary Condition Object
  SunExposed,                             !- Sun Exposure
  WindExposed,                            !- Wind Exposure
  ,                                       !- View Factor to Ground
  ,                                       !- Number of Vertices
  10, 0, 3,                               !- X,Y,Z Vertex 1 {m}
  0, 0, 3,                                !- X,Y,Z Vertex 2 {m}
  0, 0, 0,                                !- X,Y,Z Vertex 3 {m}
  10, 0, 0;                               !- X,Y,Z Vertex 4 {m}

OS:Surface,
  {bda2306a-9c86-47cd-9391-254befc44599}, !- Handle
  Surface 12,                             !- Name
  RoofCeiling,                            !- Surface Type
  ,                                       !- Construction Name
  {c4e64d87-889d-4056-983f-5710bb1deb92}, !- Space Name
  Outdoors,                               !- Outside Boundary Condition
  ,                                       !- Outside Boundary Condition Object
  SunExposed,                             !- Sun Exposure
  WindExposed,                            !- Wind Exposure
  ,                                       !- View Factor to Ground
  ,                                       !- Number of Vertices
  10, 0, 3,                               !- X,Y,Z Vertex 1 {m}
  10, 10, 3,                              !- X,Y,Z Vertex 2 {m}
  0, 10, 3,                               !- X,Y,Z Vertex 3 {m}
  0, 0, 3;                                !- X,Y,Z Vertex 4 {m}

OS:Space,
  {9edec839-7040-4cb1-bb58-b7f9abc11eca}, !- Handle
  Space 3,                                !- Name
  ,                                       !- Space Type Name
  ,                                       !- Default Construction Set Name
  ,                                       !- Default Schedule Set Name
  ,                                       !- Direction of Relative North {deg}
  ,                                       !- X Origin {m}
  10,                                     !- Y Origin {m}
  ,                                       !- Z Origin {m}
  {eda2bc67-b253-4c51-abfe-113902d17bd3}, !- Building Story Name
  {e4a8a331-85c7-45f1-ae75-30d887535ac1}; !- Thermal Zone Name

OS:Surface,
  {ba65a03e-5ac3-4190-9f47-4c5a94d57653}, !- Handle
  Surface 13,                             !- Name
  Floor,                                  !- Surface Type
  ,                                       !- Construction Name
  {9edec839-7040-4cb1-bb58-b7f9abc11eca}, !- Space Name
  Ground,                                 !- Outside Boundary Condition
  ,                                       !- Outside Boundary Condition Object
  NoSun,                                  !- Sun Exposure
  NoWind,                                 !- Wind Exposure
  ,                                       !- View Factor to Ground
  ,                                       !- Number of Vertices
  0, 0, 0,                                !- X,Y,Z Vertex 1 {m}
  0, 10, 0,                               !- X,Y,Z Vertex 2 {m}
  10, 10, 0,                              !- X,Y,Z Vertex 3 {m}
  10, 0, 0;                               !- X,Y,Z Vertex 4 {m}

OS:Surface,
  {32bef32a-66f3-41b3-a875-0cdbfd3298f6}, !- Handle
  Surface 14,                             !- Name
  Wall,                                   !- Surface Type
  ,                                       !- Construction Name
  {9edec839-7040-4cb1-bb58-b7f9abc11eca}, !- Space Name
  Outdoors,                               !- Outside Boundary Condition
  ,                                       !- Outside Boundary Condition Object
  SunExposed,                             !- Sun Exposure
  WindExposed,                            !- Wind Exposure
  ,                                       !- View Factor to Ground
  ,                                       !- Number of Vertices
  0, 0, 3,                                !- X,Y,Z Vertex 1 {m}
  0, 10, 3,                               !- X,Y,Z Vertex 2 {m}
  0, 10, 0,                               !- X,Y,Z Vertex 3 {m}
  0, 0, 0;                                !- X,Y,Z Vertex 4 {m}

OS:Surface,
  {bfd17f74-683b-4a0d-85c3-4be2029f6949}, !- Handle
  Surface 15,                             !- Name
  Wall,                                   !- Surface Type
  ,                                       !- Construction Name
  {9edec839-7040-4cb1-bb58-b7f9abc11eca}, !- Space Name
  Outdoors,                               !- Outside Boundary Condition
  ,                                       !- Outside Boundary Condition Object
  SunExposed,                             !- Sun Exposure
  WindExposed,                            !- Wind Exposure
  ,                                       !- View Factor to Ground
  ,                                       !- Number of Vertices
  0, 10, 3,                               !- X,Y,Z Vertex 1 {m}
  10, 10, 3,                              !- X,Y,Z Vertex 2 {m}
  10, 10, 0,                              !- X,Y,Z Vertex 3 {m}
  0, 10, 0;                               !- X,Y,Z Vertex 4 {m}

OS:Surface,
  {baee3eda-06d5-4dbe-a641-1415e24f38a5}, !- Handle
  Surface 16,                             !- Name
  Wall,                                   !- Surface Type
  ,                                       !- Construction Name
  {9edec839-7040-4cb1-bb58-b7f9abc11eca}, !- Space Name
  Surface,                                !- Outside Boundary Condition
  {6156b6fd-0ceb-4b53-af67-9356e73c3ccc}, !- Outside Boundary Condition Object
  NoSun,                                  !- Sun Exposure
  NoWind,                                 !- Wind Exposure
  ,                                       !- View Factor to Ground
  ,                                       !- Number of Vertices
  10, 10, 3,                              !- X,Y,Z Vertex 1 {m}
  10, 0, 3,                               !- X,Y,Z Vertex 2 {m}
  10, 0, 0,                               !- X,Y,Z Vertex 3 {m}
  10, 10, 0;                              !- X,Y,Z Vertex 4 {m}

OS:Surface,
  {9d681677-0aa5-453a-b8d7-59c177619069}, !- Handle
  Surface 17,                             !- Name
  Wall,                                   !- Surface Type
  ,                                       !- Construction Name
  {9edec839-7040-4cb1-bb58-b7f9abc11eca}, !- Space Name
  Surface,                                !- Outside Boundary Condition
  {571c511e-1d3a-463c-aec4-7d5b47dd9fcb}, !- Outside Boundary Condition Object
  NoSun,                                  !- Sun Exposure
  NoWind,                                 !- Wind Exposure
  ,                                       !- View Factor to Ground
  ,                                       !- Number of Vertices
  10, 0, 3,                               !- X,Y,Z Vertex 1 {m}
  0, 0, 3,                                !- X,Y,Z Vertex 2 {m}
  0, 0, 0,                                !- X,Y,Z Vertex 3 {m}
  10, 0, 0;                               !- X,Y,Z Vertex 4 {m}

OS:Surface,
  {a28ea98d-2fea-437d-8a7d-a0ed3debefd1}, !- Handle
  Surface 18,                             !- Name
  RoofCeiling,                            !- Surface Type
  ,                                       !- Construction Name
  {9edec839-7040-4cb1-bb58-b7f9abc11eca}, !- Space Name
  Outdoors,                               !- Outside Boundary Condition
  ,                                       !- Outside Boundary Condition Object
  SunExposed,                             !- Sun Exposure
  WindExposed,                            !- Wind Exposure
  ,                                       !- View Factor to Ground
  ,                                       !- Number of Vertices
  10, 0, 3,                               !- X,Y,Z Vertex 1 {m}
  10, 10, 3,                              !- X,Y,Z Vertex 2 {m}
  0, 10, 3,                               !- X,Y,Z Vertex 3 {m}
  0, 0, 3;                                !- X,Y,Z Vertex 4 {m}

OS:Space,
  {72ad8418-d5cd-48d3-85f1-02e5af803be8}, !- Handle
  Space 4,                                !- Name
  ,                                       !- Space Type Name
  ,                                       !- Default Construction Set Name
  ,                                       !- Default Schedule Set Name
  ,                                       !- Direction of Relative North {deg}
  10,                                     !- X Origin {m}
  10,                                     !- Y Origin {m}
  ,                                       !- Z Origin {m}
  {eda2bc67-b253-4c51-abfe-113902d17bd3}, !- Building Story Name
  {e4a8a331-85c7-45f1-ae75-30d887535ac1}; !- Thermal Zone Name

OS:Surface,
  {1fabb288-1de5-454a-ae67-94b4cf0c9ef5}, !- Handle
  Surface 19,                             !- Name
  Floor,                                  !- Surface Type
  ,                                       !- Construction Name
  {72ad8418-d5cd-48d3-85f1-02e5af803be8}, !- Space Name
  Ground,                                 !- Outside Boundary Condition
  ,                                       !- Outside Boundary Condition Object
  NoSun,                                  !- Sun Exposure
  NoWind,                                 !- Wind Exposure
  ,                                       !- View Factor to Ground
  ,                                       !- Number of Vertices
  0, 0, 0,                                !- X,Y,Z Vertex 1 {m}
  0, 10, 0,                               !- X,Y,Z Vertex 2 {m}
  10, 10, 0,                              !- X,Y,Z Vertex 3 {m}
  10, 0, 0;                               !- X,Y,Z Vertex 4 {m}

OS:Surface,
  {6156b6fd-0ceb-4b53-af67-9356e73c3ccc}, !- Handle
  Surface 20,                             !- Name
  Wall,                                   !- Surface Type
  ,                                       !- Construction Name
  {72ad8418-d5cd-48d3-85f1-02e5af803be8}, !- Space Name
  Surface,                                !- Outside Boundary Condition
  {baee3eda-06d5-4dbe-a641-1415e24f38a5}, !- Outside Boundary Condition Object
  NoSun,                                  !- Sun Exposure
  NoWind,                                 !- Wind Exposure
  ,                                       !- View Factor to Ground
  ,                                       !- Number of Vertices
  0, 0, 3,                                !- X,Y,Z Vertex 1 {m}
  0, 10, 3,                               !- X,Y,Z Vertex 2 {m}
  0, 10, 0,                               !- X,Y,Z Vertex 3 {m}
  0, 0, 0;                                !- X,Y,Z Vertex 4 {m}

OS:Surface,
  {b7d14623-d579-4428-8d30-d1c42f883760}, !- Handle
  Surface 21,                             !- Name
  Wall,                                   !- Surface Type
  ,                                       !- Construction Name
  {72ad8418-d5cd-48d3-85f1-02e5af803be8}, !- Space Name
  Outdoors,                               !- Outside Boundary Condition
  ,                                       !- Outside Boundary Condition Object
  SunExposed,                             !- Sun Exposure
  WindExposed,                            !- Wind Exposure
  ,                                       !- View Factor to Ground
  ,                                       !- Number of Vertices
  0, 10, 3,                               !- X,Y,Z Vertex 1 {m}
  10, 10, 3,                              !- X,Y,Z Vertex 2 {m}
  10, 10, 0,                              !- X,Y,Z Vertex 3 {m}
  0, 10, 0;                               !- X,Y,Z Vertex 4 {m}

OS:Surface,
  {f9ab71bb-54eb-42d5-81c5-921f4739c966}, !- Handle
  Surface 22,                             !- Name
  Wall,                                   !- Surface Type
  ,                                       !- Construction Name
  {72ad8418-d5cd-48d3-85f1-02e5af803be8}, !- Space Name
  Outdoors,                               !- Outside Boundary Condition
  ,                                       !- Outside Boundary Condition Object
  SunExposed,                             !- Sun Exposure
  WindExposed,                            !- Wind Exposure
  ,                                       !- View Factor to Ground
  ,                                       !- Number of Vertices
  10, 10, 3,                              !- X,Y,Z Vertex 1 {m}
  10, 0, 3,                               !- X,Y,Z Vertex 2 {m}
  10, 0, 0,                               !- X,Y,Z Vertex 3 {m}
  10, 10, 0;                              !- X,Y,Z Vertex 4 {m}

OS:Surface,
  {b8754f67-4a90-46a3-9c4c-a73482388fee}, !- Handle
  Surface 23,                             !- Name
  Wall,                                   !- Surface Type
  ,                                       !- Construction Name
  {72ad8418-d5cd-48d3-85f1-02e5af803be8}, !- Space Name
  Surface,                                !- Outside Boundary Condition
  {bdd7dbdd-af77-4258-98ce-ae4cc07b1aff}, !- Outside Boundary Condition Object
  NoSun,                                  !- Sun Exposure
  NoWind,                                 !- Wind Exposure
  ,                                       !- View Factor to Ground
  ,                                       !- Number of Vertices
  10, 0, 3,                               !- X,Y,Z Vertex 1 {m}
  0, 0, 3,                                !- X,Y,Z Vertex 2 {m}
  0, 0, 0,                                !- X,Y,Z Vertex 3 {m}
  10, 0, 0;                               !- X,Y,Z Vertex 4 {m}

OS:Surface,
  {12465516-8a85-4887-b6ad-6bf513cfd099}, !- Handle
  Surface 24,                             !- Name
  RoofCeiling,                            !- Surface Type
  ,                                       !- Construction Name
  {72ad8418-d5cd-48d3-85f1-02e5af803be8}, !- Space Name
  Outdoors,                               !- Outside Boundary Condition
  ,                                       !- Outside Boundary Condition Object
  SunExposed,                             !- Sun Exposure
  WindExposed,                            !- Wind Exposure
  ,                                       !- View Factor to Ground
  ,                                       !- Number of Vertices
  10, 0, 3,                               !- X,Y,Z Vertex 1 {m}
  10, 10, 3,                              !- X,Y,Z Vertex 2 {m}
  0, 10, 3,                               !- X,Y,Z Vertex 3 {m}
  0, 0, 3;                                !- X,Y,Z Vertex 4 {m}

OS:SubSurface,
  {86f16410-9d87-4055-a51f-ec7a1588ab40}, !- Handle
  Sub Surface 1,                          !- Name
  Door,                                   !- Sub Surface Type
  ,                                       !- Construction Name
  {f6efe4d0-9d70-4acd-9c42-8a6a9557b68e}, !- Surface Name
  ,                                       !- Outside Boundary Condition Object
  ,                                       !- View Factor to Ground
  ,                                       !- Frame and Divider Name
  ,                                       !- Multiplier
  ,                                       !- Number of Vertices
  2, 0, 2,                                !- X,Y,Z Vertex 1 {m}
  2, 0, 0,                                !- X,Y,Z Vertex 2 {m}
  4, 0, 0,                                !- X,Y,Z Vertex 3 {m}
  4, 0, 2;                                !- X,Y,Z Vertex 4 {m}

OS:SubSurface,
  {b2b6eb4e-97cc-4723-8495-27feacee2a47}, !- Handle
  Sub Surface 2,                          !- Name
  FixedWindow,                            !- Sub Surface Type
  ,                                       !- Construction Name
  {258fc76a-ab80-4275-b8e5-2558f8cdd459}, !- Surface Name
  ,                                       !- Outside Boundary Condition Object
  ,                                       !- View Factor to Ground
  ,                                       !- Frame and Divider Name
  ,                                       !- Multiplier
  ,                                       !- Number of Vertices
  10, 2, 2,                               !- X,Y,Z Vertex 1 {m}
  10, 2, 1,                               !- X,Y,Z Vertex 2 {m}
  10, 8, 1,                               !- X,Y,Z Vertex 3 {m}
  10, 8, 2;                               !- X,Y,Z Vertex 4 {m}

OS:ShadingSurfaceGroup,
  {dc43e99b-2a7f-4b3a-bfd9-310a668da104}, !- Handle
  Sub Surface 2 Shading Surfaces,         !- Name
  Space,                                  !- Shading Surface Type
  {c4e64d87-889d-4056-983f-5710bb1deb92}, !- Space Name
  ,                                       !- Direction of Relative North {deg}
  ,                                       !- X Origin {m}
  ,                                       !- Y Origin {m}
  ,                                       !- Z Origin {m}
  {b2b6eb4e-97cc-4723-8495-27feacee2a47}; !- Shaded Object Name

OS:ShadingSurface,
  {78b090d7-3655-4295-b2cc-ce1c67318a6b}, !- Handle
  Shading Surface 1,                      !- Name
  ,                                       !- Construction Name
  {dc43e99b-2a7f-4b3a-bfd9-310a668da104}, !- Shading Surface Group Name
  ,                                       !- Transmittance Schedule Name
  ,                                       !- Number of Vertices
  10, 8.1, 2.1,                           !- X,Y,Z Vertex 1 {m}
  10, 1.9, 2.1,                           !- X,Y,Z Vertex 2 {m}
  10.55, 1.9, 2.1,                        !- X,Y,Z Vertex 3 {m}
  10.55, 8.1, 2.1;                        !- X,Y,Z Vertex 4 {m}

OS:Daylighting:Control,
  {31e578e0-c450-407b-824c-70db0f125265}, !- Handle
  Daylighting Control 1,                  !- Name
  {c4e64d87-889d-4056-983f-5710bb1deb92}, !- Space Name
  5,                                      !- Position X-Coordinate {m}
  5,                                      !- Position Y-Coordinate {m}
  1.1;                                    !- Position Z-Coordinate {m}

OS:IlluminanceMap,
  {95229feb-d034-4152-8f52-bab918304b6b}, !- Handle
  Illuminance Map 1,                      !- Name
  {c4e64d87-889d-4056-983f-5710bb1deb92}, !- Space Name
  1,                                      !- Origin X-Coordinate {m}
  1,                                      !- Origin Y-Coordinate {m}
  1.1,                                    !- Origin Z-Coordinate {m}
  ,                                       !- Psi Rotation Around X-Axis {deg}
  ,                                       !- Theta Rotation Around Y-Axis {deg}
  ,                                       !- Phi Rotation Around Z-Axis {deg}
  8,                                      !- X Length {m}
  ,                                       !- Number of X Grid Points
  8;                                      !- Y Length {m}

OS:Glare:Sensor,
  {76414b0d-03f9-43c1-954b-47cbd9fb7931}, !- Handle
  Glare Sensor 1,                         !- Name
  {c4e64d87-889d-4056-983f-5710bb1deb92}, !- Space Name
  5,                                      !- Position X-Coordinate {m}
  5,                                      !- Position Y-Coordinate {m}
  1.1;                                    !- Position Z-Coordinate {m}

OS:InteriorPartitionSurfaceGroup,
  {d821a041-c083-4f74-8afb-45853ddc3c0c}, !- Handle
  Interior Partition Surface Group 1,     !- Name
  {c4e64d87-889d-4056-983f-5710bb1deb92}; !- Space Name

OS:InteriorPartitionSurface,
  {82ad859d-2bd7-4d8b-bd5b-6477b098c92f}, !- Handle
  Interior Partition Surface 1,           !- Name
  ,                                       !- Construction Name
  {d821a041-c083-4f74-8afb-45853ddc3c0c}, !- Interior Partition Surface Group Name
  ,                                       !- Convert to Internal Mass
  ,                                       !- Surface Area {m2}
  ,                                       !- Number of Vertices
  5, 8, 1,                                !- X,Y,Z Vertex 1 {m}
  5, 6, 1,                                !- X,Y,Z Vertex 2 {m}
  8, 6, 1,                                !- X,Y,Z Vertex 3 {m}
  8, 8, 1;                                !- X,Y,Z Vertex 4 {m}

OS:ElectricEquipment:Definition,
  {1ae41e3b-150f-4bfc-9397-7205d164a90f}, !- Handle
  Printer Definition,                     !- Name
  EquipmentLevel,                         !- Design Level Calculation Method
  200,                                    !- Design Level {W}
  ,                                       !- Watts per Space Floor Area {W/m2}
  ;                                       !- Watts per Person {W/person}

OS:ElectricEquipment,
  {e1e7d73d-1679-4497-a92e-52bea0b56854}, !- Handle
  Printer,                                !- Name
  {1ae41e3b-150f-4bfc-9397-7205d164a90f}, !- Electric Equipment Definition Name
  {72ad8418-d5cd-48d3-85f1-02e5af803be8}, !- Space or SpaceType Name
  ,                                       !- Schedule Name
  ,                                       !- Multiplier
  General;                                !- End-Use Subcategory

OS:ShadingSurfaceGroup,
  {2298b6f9-944f-4bc1-911d-6e7a5207ea1e}, !- Handle
  Shading Surface Group 1,                !- Name
  Building;                               !- Shading Surface Type

OS:ShadingSurface,
  {b2b4155d-51c7-4e15-8534-ff6d12836d5d}, !- Handle
  Shading Surface 2,                      !- Name
  ,                                       !- Construction Name
  {2298b6f9-944f-4bc1-911d-6e7a5207ea1e}, !- Shading Surface Group Name
  ,                                       !- Transmittance Schedule Name
  ,                                       !- Number of Vertices
  2, 0, 2,                                !- X,Y,Z Vertex 1 {m}
  2, -1, 2,                               !- X,Y,Z Vertex 2 {m}
  4, -1, 2,                               !- X,Y,Z Vertex 3 {m}
  4, 0, 2;                                !- X,Y,Z Vertex 4 {m}

OS:ShadingSurfaceGroup,
  {3caa6fc7-abb8-41df-9f80-a499e7c47bdd}, !- Handle
  Shading Surface Group 2,                !- Name
  Site;                                   !- Shading Surface Type

OS:ShadingSurface,
  {e0480a6b-c290-4570-88f0-68574eb6d9c7}, !- Handle
  Shading Surface 3,                      !- Name
  ,                                       !- Construction Name
  {3caa6fc7-abb8-41df-9f80-a499e7c47bdd}, !- Shading Surface Group Name
  ,                                       !- Transmittance Schedule Name
  ,                                       !- Number of Vertices
  -30, 0, 20,                             !- X,Y,Z Vertex 1 {m}
  -30, 0, 0,                              !- X,Y,Z Vertex 2 {m}
  -30, 20, 0,                             !- X,Y,Z Vertex 3 {m}
  -30, 20, 20;                            !- X,Y,Z Vertex 4 {m}

OS:Schedule:Compact,
  {6a700257-4212-4807-a5f5-89f7d0523f97}, !- Handle
  ALWAYS_ON,                              !- Name
  {57f1d9fb-20a2-41d6-a22d-9505042b8648}, !- Schedule Type Limits Name
  Through: 12/31,                         !- Field 1
  For: AllDays,                           !- Field 2
  Until: 24:00,                           !- Field 3
  1;                                      !- Field 4

OS:Fan:ConstantVolume,
  {acad71ec-7d61-4c11-978c-e61808354e1b}, !- Handle
  Standard Fan,                           !- Name
  {6a700257-4212-4807-a5f5-89f7d0523f97}, !- Availability Schedule Name
  ,                                       !- Fan Total Efficiency
  ,                                       !- Pressure Rise {Pa}
  AutoSize,                               !- Maximum Flow Rate {m3/s}
  ,                                       !- Motor Efficiency
  ,                                       !- Motor In Airstream Fraction
  {a4f106f4-0a4e-491f-8b21-85eb7938d745}, !- Air Inlet Node Name
  {dfc76d73-c30a-4030-9a81-d87bcf4c1ced}, !- Air Outlet Node Name
  ;                                       !- End-Use Subcategory

OS:ScheduleTypeLimits,
  {57f1d9fb-20a2-41d6-a22d-9505042b8648}, !- Handle
  OnOff,                                  !- Name
  0,                                      !- Lower Limit Value
  1,                                      !- Upper Limit Value
  Discrete,                               !- Numeric Type
  Availability;                           !- Unit Type

OS:Coil:Heating:Gas,
  {736f6bbe-0658-420f-a797-df8b406447ca}, !- Handle
  Coil Heating Gas 1,                     !- Name
  {6a700257-4212-4807-a5f5-89f7d0523f97}, !- Availability Schedule Name
  0.8,                                    !- Gas Burner Efficiency
  AutoSize,                               !- Nominal Capacity {W}
  {405e1278-b402-4499-ba2d-debbf52535b2}, !- Air Inlet Node Name
  {f83ac7f2-7c90-46d0-8ed0-e059d02f3492}, !- Air Outlet Node Name
  ,                                       !- Temperature Setpoint Node Name
  0,                                      !- On Cycle Parasitic Electric Load {W}
  ,                                       !- Part Load Fraction Correlation Curve Name
  0;                                      !- Off Cycle Parasitic Gas Load {W}

OS:Curve:Biquadratic,
  {1a929723-8259-497f-b894-5bb8c0a93190}, !- Handle
  Curve Biquadratic 1,                    !- Name
  0.42415,                                !- Coefficient1 Constant
  0.04426,                                !- Coefficient2 x
  -0.00042,                               !- Coefficient3 x**2
  0.00333,                                !- Coefficient4 y
  -8e-05,                                 !- Coefficient5 y**2
  -0.00021,                               !- Coefficient6 x*y
  17,                                     !- Minimum Value of x
  22,                                     !- Maximum Value of x
  13,                                     !- Minimum Value of y
  46,                                     !- Maximum Value of y
  -1000,                                  !- Minimum Curve Output
  1000;                                   !- Maximum Curve Output

OS:Curve:Quadratic,
  {85e28287-29a8-46ac-b172-594081c9681b}, !- Handle
  Curve Quadratic 1,                      !- Name
  0.77136,                                !- Coefficient1 Constant
  0.34053,                                !- Coefficient2 x
  -0.11088,                               !- Coefficient3 x**2
  0.75918,                                !- Minimum Value of x
  1.13877,                                !- Maximum Value of x
  -1000,                                  !- Minimum Curve Output
  1000;                                   !- Maximum Curve Output

OS:Curve:Biquadratic,
  {03598379-4215-452c-b2a0-aa062f96437a}, !- Handle
  Curve Biquadratic 2,                    !- Name
  1.23649,                                !- Coefficient1 Constant
  -0.02431,                               !- Coefficient2 x
  0.00057,                                !- Coefficient3 x**2
  -0.01434,                               !- Coefficient4 y
  0.00063,                                !- Coefficient5 y**2
  -0.00038,                               !- Coefficient6 x*y
  17,                                     !- Minimum Value of x
  22,                                     !- Maximum Value of x
  0,                                      !- Minimum Value of y
  46,                                     !- Maximum Value of y
  -1000,                                  !- Minimum Curve Output
  1000;                                   !- Maximum Curve Output

OS:Curve:Quadratic,
  {5175620c-5978-4dba-8466-5b6de8dd30aa}, !- Handle
  Curve Quadratic 2,                      !- Name
  1.2055,                                 !- Coefficient1 Constant
  -0.32953,                               !- Coefficient2 x
  0.12308,                                !- Coefficient3 x**2
  0.75918,                                !- Minimum Value of x
  1.13877,                                !- Maximum Value of x
  -1000,                                  !- Minimum Curve Output
  1000;                                   !- Maximum Curve Output

OS:Curve:Quadratic,
  {6017ba42-2e25-435c-9d0a-ab9cc1bc168b}, !- Handle
  Curve Quadratic 3,                      !- Name
  0.771,                                  !- Coefficient1 Constant
  0.229,                                  !- Coefficient2 x
  0,                                      !- Coefficient3 x**2
  0,                                      !- Minimum Value of x
  1,                                      !- Maximum Value of x
  0.71,                                   !- Minimum Curve Output
  1;                                      !- Maximum Curve Output

OS:Coil:Cooling:DX:SingleSpeed,
  {aeb2f67c-a4a3-41b4-add6-a476c3c16b4f}, !- Handle
  Coil Cooling DX Single Speed 1,         !- Name
  {6a700257-4212-4807-a5f5-89f7d0523f97}, !- Availability Schedule Name
  autosize,                               !- Rated Total Cooling Capacity {W}
  autosize,                               !- Rated Sensible Heat Ratio
  3,                                      !- Rated COP {W/W}
  autosize,                               !- Rated Air Flow Rate {m3/s}
  773.3,                                  !- Rated Evaporator Fan Power Per Volume Flow Rate 2017 {W/(m3/s)}
  934.4,                                  !- Rated Evaporator Fan Power Per Volume Flow Rate 2023 {W/(m3/s)}
  {9645e4d8-ac79-421f-a07f-84492fd4d9d3}, !- Air Inlet Node Name
  {46f509ab-f20f-4519-9fb3-fc49e2589e2f}, !- Air Outlet Node Name
  {1a929723-8259-497f-b894-5bb8c0a93190}, !- Total Cooling Capacity Function of Temperature Curve Name
  {85e28287-29a8-46ac-b172-594081c9681b}, !- Total Cooling Capacity Function of Flow Fraction Curve Name
  {03598379-4215-452c-b2a0-aa062f96437a}, !- Energy Input Ratio Function of Temperature Curve Name
  {5175620c-5978-4dba-8466-5b6de8dd30aa}, !- Energy Input Ratio Function of Flow Fraction Curve Name
  {6017ba42-2e25-435c-9d0a-ab9cc1bc168b}, !- Part Load Fraction Correlation Curve Name
  -25,                                    !- Minimum Outdoor Dry-Bulb Temperature for Compressor Operation {C}
  0,                                      !- Nominal Time for Condensate Removal to Begin {s}
  0,                                      !- Ratio of Initial Moisture Evaporation Rate and Steady State Latent Capacity {dimensionless}
  0,                                      !- Maximum Cycling Rate {cycles/hr}
  0,                                      !- Latent Capacity Time Constant {s}
  ,                                       !- Condenser Air Inlet Node Name
  AirCooled,                              !- Condenser Type
  0.9,                                    !- Evaporative Condenser Effectiveness {dimensionless}
  autosize,                               !- Evaporative Condenser Air Flow Rate {m3/s}
  autosize,                               !- Evaporative Condenser Pump Rated Power Consumption {W}
  0,                                      !- Crankcase Heater Capacity {W}
  ,                                       !- Crankcase Heater Capacity Function of Temperature Curve Name
  10,                                     !- Maximum Outdoor Dry-Bulb Temperature for Crankcase Heater Operation {C}
  ,                                       !- Supply Water Storage Tank Name
  ,                                       !- Condensate Collection Water Storage Tank Name
  0,                                      !- Basin Heater Capacity {W/K}
  2;                                      !- Basin Heater Setpoint Temperature {C}

OS:EvaporativeCooler:Direct:ResearchSpecial,
  {1ee09f5c-3fea-4d22-87f9-8c6791101475}, !- Handle
  Evaporative Cooler Direct Research Special 1, !- Name
  {6a700257-4212-4807-a5f5-89f7d0523f97}, !- Availability Schedule Name
  1,                                      !- Cooler Design Effectiveness
  0,                                      !- Recirculating Water Pump Power Consumption {W}
  ,                                       !- Primary Air Design Flow Rate {m3/s}
  {3d09a980-4119-4676-af2c-fc6376c33f7e}, !- Air Inlet Node Name
  {dc31580f-b5b8-48cc-b2e1-a1d4ee1d59c8}, !- Air Outlet Node Name
  {77866eb8-ab4e-441b-9fac-6ccc8b49d4a8}, !- Sensor Node Name
  0,                                      !- Drift Loss Fraction
  0,                                      !- Blowdown Concentration Ratio
  ,                                       !- Effectiveness Flow Ratio Modifier Curve Name
  0.1,                                    !- Water Pump Power Sizing Factor {W/(m3/s)}
  ,                                       !- Water Pump Power Modifier Curve Name
  16,                                     !- Evaporative Operation Minimum Drybulb Temperature
  24,                                     !- Evaporative Operation Maximum Limit Wetbulb Temperature
  28;                                     !- Evaporative Operation Maximum Limit Drybulb Temperature

OS:AirTerminal:SingleDuct:ConstantVolume:NoReheat,
  {904bd2d1-8ded-4627-8570-741eef3645c2}, !- Handle
  Air Terminal Single Duct Constant Volume No Reheat 1, !- Name
  {6a700257-4212-4807-a5f5-89f7d0523f97}, !- Availability Schedule Name
  {1f8b8787-a110-4021-ad5e-b59e51179c71}, !- Air Inlet Node Name
  {eb033955-138c-431f-b583-f806760e373f}, !- Air Outlet Node Name
  AutoSize;                               !- Maximum Air Flow Rate {m3/s}

OS:Controller:OutdoorAir,
  {63dc71c8-0207-48e7-92fb-4665fc9d6ddc}, !- Handle
  Controller Outdoor Air 1,               !- Name
  ,                                       !- Relief Air Outlet Node Name
  ,                                       !- Return Air Node Name
  ,                                       !- Mixed Air Node Name
  ,                                       !- Actuator Node Name
  0,                                      !- Minimum Outdoor Air Flow Rate {m3/s}
  Autosize,                               !- Maximum Outdoor Air Flow Rate {m3/s}
  NoEconomizer,                           !- Economizer Control Type
  ModulateFlow,                           !- Economizer Control Action Type
  28,                                     !- Economizer Maximum Limit Dry-Bulb Temperature {C}
  64000,                                  !- Economizer Maximum Limit Enthalpy {J/kg}
  ,                                       !- Economizer Maximum Limit Dewpoint Temperature {C}
  ,                                       !- Electronic Enthalpy Limit Curve Name
  -100,                                   !- Economizer Minimum Limit Dry-Bulb Temperature {C}
  NoLockout,                              !- Lockout Type
  FixedMinimum,                           !- Minimum Limit Type
  ,                                       !- Minimum Outdoor Air Schedule Name
  ,                                       !- Minimum Fraction of Outdoor Air Schedule Name
  ,                                       !- Maximum Fraction of Outdoor Air Schedule Name
  {5f673bda-43ce-46c3-9b55-ef4486d0d97d}, !- Controller Mechanical Ventilation
  ,                                       !- Time of Day Economizer Control Schedule Name
  No,                                     !- High Humidity Control
  ,                                       !- Humidistat Control Zone Name
  1,                                      !- High Humidity Outdoor Air Flow Ratio
  Yes,                                    !- Control High Indoor Humidity Based on Outdoor Humidity Ratio
  BypassWhenWithinEconomizerLimits,       !- Heat Recovery Bypass Control Type
  InterlockedWithMechanicalCooling;       !- Economizer Operation Staging

OS:Controller:MechanicalVentilation,
  {5f673bda-43ce-46c3-9b55-ef4486d0d97d}, !- Handle
  Controller Mechanical Ventilation 1,    !- Name
  {604e955e-19de-43d9-bda1-73fa65ec5451}, !- Availability Schedule
  ,                                       !- Demand Controlled Ventilation
  ;                                       !- System Outdoor Air Method

OS:Schedule:Constant,
  {604e955e-19de-43d9-bda1-73fa65ec5451}, !- Handle
  Always On Discrete,                     !- Name
  {aa152199-1629-4211-b28b-1b7e61ef7298}, !- Schedule Type Limits Name
  1;                                      !- Value

OS:ScheduleTypeLimits,
  {aa152199-1629-4211-b28b-1b7e61ef7298}, !- Handle
  OnOff 1,                                !- Name
  0,                                      !- Lower Limit Value
  1,                                      !- Upper Limit Value
  Discrete,                               !- Numeric Type
  Availability;                           !- Unit Type

OS:AirLoopHVAC:OutdoorAirSystem,
  {9c83b0da-ab1c-4436-ab01-c4174c2251d4}, !- Handle
  Air Loop HVAC Outdoor Air System 1,     !- Name
  {63dc71c8-0207-48e7-92fb-4665fc9d6ddc}, !- Controller Name
  ,                                       !- Outdoor Air Equipment List Name
  ,                                       !- Availability Manager List Name
  {5d88e163-2424-494d-817b-40ce97ae6b9e}, !- Mixed Air Node Name
  {c6ca42ec-c45d-497e-a750-b468bbbd6666}, !- Outdoor Air Stream Node Name
  {cec3ac2a-0a71-494f-b06f-66c2df7d3340}, !- Relief Air Stream Node Name
  {0daba860-405c-41ce-9613-0a7c1530bb54}; !- Return Air Stream Node Name

OS:Node,
  {6ed5bda2-79ad-4529-a910-61db8473844c}, !- Handle
  Outboard OA Node,                       !- Name
  ,                                       !- Inlet Port
  {3d09a980-4119-4676-af2c-fc6376c33f7e}; !- Outlet Port

OS:Node,
  {03f11f97-177c-41c9-8130-2d219b26cafe}, !- Handle
  Relief Node,                            !- Name
  {cec3ac2a-0a71-494f-b06f-66c2df7d3340}, !- Inlet Port
  ;                                       !- Outlet Port

OS:Connection,
  {cec3ac2a-0a71-494f-b06f-66c2df7d3340}, !- Handle
  {9c83b0da-ab1c-4436-ab01-c4174c2251d4}, !- Source Object
  7,                                      !- Outlet Port
  {03f11f97-177c-41c9-8130-2d219b26cafe}, !- Target Object
  2;                                      !- Inlet Port

OS:AirLoopHVAC,
  {09f55f5a-331a-4e21-b14a-31a18cb34446}, !- Handle
  Air Loop HVAC 1,                        !- Name
  ,                                       !- Controller List Name
  {604e955e-19de-43d9-bda1-73fa65ec5451}, !- Availability Schedule
  {b6ee1006-5f3f-4b45-8811-1b7b9dfde86b}, !- Availability Manager List Name
  autosize,                               !- Design Supply Air Flow Rate {m3/s}
  1,                                      !- Design Return Air Flow Fraction of Supply Air Flow
  ,                                       !- Branch List Name
  ,                                       !- Connector List Name
  {2c1f1f45-b09d-40e0-bfc6-9d4fc124e0c5}, !- Supply Side Inlet Node Name
  {1076bad8-2d1e-4b19-8ee5-7e2487d98ded}, !- Demand Side Outlet Node Name
  {b4594780-18a3-4555-b23c-cc34c790fb97}, !- Demand Side Inlet Node A
  {77eb4175-6635-40d6-9beb-c975bf4bfa93}, !- Supply Side Outlet Node A
  ,                                       !- Demand Side Inlet Node B
  ,                                       !- Supply Side Outlet Node B
  ,                                       !- Return Air Bypass Flow Temperature Setpoint Schedule Name
  {16cd40f9-308c-496a-9869-cb0597553c7b}, !- Demand Mixer Name
  {38719c14-33ed-4805-bc02-7f4fa0b1de60}, !- Demand Splitter A Name
  ,                                       !- Demand Splitter B Name
  ;                                       !- Supply Splitter Name

OS:Node,
  {78bba1f3-6bed-4323-8da0-ec14d9cf12fd}, !- Handle
  Node 2,                                 !- Name
  {2c1f1f45-b09d-40e0-bfc6-9d4fc124e0c5}, !- Inlet Port
  {0daba860-405c-41ce-9613-0a7c1530bb54}; !- Outlet Port

OS:Node,
  {b4527ca8-00da-46d8-97c3-246f40aca0a0}, !- Handle
  Node 3,                                 !- Name
  {dfc76d73-c30a-4030-9a81-d87bcf4c1ced}, !- Inlet Port
  {77eb4175-6635-40d6-9beb-c975bf4bfa93}; !- Outlet Port

OS:Connection,
  {2c1f1f45-b09d-40e0-bfc6-9d4fc124e0c5}, !- Handle
  {09f55f5a-331a-4e21-b14a-31a18cb34446}, !- Source Object
  9,                                      !- Outlet Port
  {78bba1f3-6bed-4323-8da0-ec14d9cf12fd}, !- Target Object
  2;                                      !- Inlet Port

OS:Connection,
  {77eb4175-6635-40d6-9beb-c975bf4bfa93}, !- Handle
  {b4527ca8-00da-46d8-97c3-246f40aca0a0}, !- Source Object
  3,                                      !- Outlet Port
  {09f55f5a-331a-4e21-b14a-31a18cb34446}, !- Target Object
  12;                                     !- Inlet Port

OS:Node,
  {b92f9862-05d3-4103-8003-09e717a5ac4c}, !- Handle
  Node 4,                                 !- Name
  {b4594780-18a3-4555-b23c-cc34c790fb97}, !- Inlet Port
  {4e2cce2b-a57c-478c-b8e6-573abdaf3f7f}; !- Outlet Port

OS:Node,
  {c74552d7-654c-4bfa-8ac9-fff428bd96a5}, !- Handle
  Node 5,                                 !- Name
  {929af6c4-23a9-4fc9-a1d0-faf360305c92}, !- Inlet Port
  {1076bad8-2d1e-4b19-8ee5-7e2487d98ded}; !- Outlet Port

OS:Node,
  {b2bebdc6-ee53-42e2-9c41-9a59200d54dd}, !- Handle
  Node 6,                                 !- Name
  {eb033955-138c-431f-b583-f806760e373f}, !- Inlet Port
  {c8099f78-c96b-4472-b4c0-d0b9bccbcab7}; !- Outlet Port

OS:Connection,
  {b4594780-18a3-4555-b23c-cc34c790fb97}, !- Handle
  {09f55f5a-331a-4e21-b14a-31a18cb34446}, !- Source Object
  11,                                     !- Outlet Port
  {b92f9862-05d3-4103-8003-09e717a5ac4c}, !- Target Object
  2;                                      !- Inlet Port

OS:Connection,
  {1076bad8-2d1e-4b19-8ee5-7e2487d98ded}, !- Handle
  {c74552d7-654c-4bfa-8ac9-fff428bd96a5}, !- Source Object
  3,                                      !- Outlet Port
  {09f55f5a-331a-4e21-b14a-31a18cb34446}, !- Target Object
  10;                                     !- Inlet Port

OS:AirLoopHVAC:ZoneSplitter,
  {38719c14-33ed-4805-bc02-7f4fa0b1de60}, !- Handle
  Air Loop HVAC Zone Splitter 1,          !- Name
  {4e2cce2b-a57c-478c-b8e6-573abdaf3f7f}, !- Inlet Node Name
  {35669c87-7ab6-4f70-88b1-a5c486843e42}; !- Outlet Node Name 1

OS:AirLoopHVAC:ZoneMixer,
  {16cd40f9-308c-496a-9869-cb0597553c7b}, !- Handle
  Air Loop HVAC Zone Mixer 1,             !- Name
  {929af6c4-23a9-4fc9-a1d0-faf360305c92}, !- Outlet Node Name
  {b89effc1-9abb-45c9-9c50-168d1c678fd7}; !- Inlet Node Name 1

OS:Connection,
  {4e2cce2b-a57c-478c-b8e6-573abdaf3f7f}, !- Handle
  {b92f9862-05d3-4103-8003-09e717a5ac4c}, !- Source Object
  3,                                      !- Outlet Port
  {38719c14-33ed-4805-bc02-7f4fa0b1de60}, !- Target Object
  2;                                      !- Inlet Port

OS:Connection,
  {929af6c4-23a9-4fc9-a1d0-faf360305c92}, !- Handle
  {16cd40f9-308c-496a-9869-cb0597553c7b}, !- Source Object
  2,                                      !- Outlet Port
  {c74552d7-654c-4bfa-8ac9-fff428bd96a5}, !- Target Object
  2;                                      !- Inlet Port

OS:Sizing:System,
  {23451380-c343-4228-bf93-b31b50a8445b}, !- Handle
  {09f55f5a-331a-4e21-b14a-31a18cb34446}, !- AirLoop Name
  ,                                       !- Type of Load to Size On
  ,                                       !- Design Outdoor Air Flow Rate {m3/s}
  0.3,                                    !- Central Heating Maximum System Air Flow Ratio
  7,                                      !- Preheat Design Temperature {C}
  0.008,                                  !- Preheat Design Humidity Ratio {kg-H2O/kg-Air}
  12.8,                                   !- Precool Design Temperature {C}
  0.008,                                  !- Precool Design Humidity Ratio {kg-H2O/kg-Air}
  12.8,                                   !- Central Cooling Design Supply Air Temperature {C}
  16.7,                                   !- Central Heating Design Supply Air Temperature {C}
  ,                                       !- Sizing Option
  Yes,                                    !- 100% Outdoor Air in Cooling
  Yes,                                    !- 100% Outdoor Air in Heating
  0.0085,                                 !- Central Cooling Design Supply Air Humidity Ratio {kg-H2O/kg-Air}
  ,                                       !- Central Heating Design Supply Air Humidity Ratio {kg-H2O/kg-Air}
  ,                                       !- Cooling Design Air Flow Method
  ,                                       !- Cooling Design Air Flow Rate {m3/s}
  ,                                       !- Heating Design Air Flow Method
  ,                                       !- Heating Design Air Flow Rate {m3/s}
  ,                                       !- System Outdoor Air Method
  1,                                      !- Zone Maximum Outdoor Air Fraction {dimensionless}
  0.0099676501,                           !- Cooling Supply Air Flow Rate Per Floor Area {m3/s-m2}
  1,                                      !- Cooling Fraction of Autosized Cooling Supply Air Flow Rate
  3.9475456e-05,                          !- Cooling Supply Air Flow Rate Per Unit Cooling Capacity {m3/s-W}
  0.0099676501,                           !- Heating Supply Air Flow Rate Per Floor Area {m3/s-m2}
  1,                                      !- Heating Fraction of Autosized Heating Supply Air Flow Rate
  1,                                      !- Heating Fraction of Autosized Cooling Supply Air Flow Rate
  3.1588213e-05,                          !- Heating Supply Air Flow Rate Per Unit Heating Capacity {m3/s-W}
  CoolingDesignCapacity,                  !- Cooling Design Capacity Method
  autosize,                               !- Cooling Design Capacity {W}
  234.7,                                  !- Cooling Design Capacity Per Floor Area {W/m2}
  1,                                      !- Fraction of Autosized Cooling Design Capacity
  HeatingDesignCapacity,                  !- Heating Design Capacity Method
  autosize,                               !- Heating Design Capacity {W}
  157,                                    !- Heating Design Capacity Per Floor Area {W/m2}
  1,                                      !- Fraction of Autosized Heating Design Capacity
  OnOff,                                  !- Central Cooling Capacity Control Method
  autosize,                               !- Occupant Diversity
  None,                                   !- Heating Coil Sizing Method
  1;                                      !- Maximum Heating Capacity To Cooling Capacity Sizing Ratio {W/W}

OS:AvailabilityManagerAssignmentList,
  {b6ee1006-5f3f-4b45-8811-1b7b9dfde86b}, !- Handle
  Air Loop HVAC 1 AvailabilityManagerAssignmentList; !- Name

OS:Node,
  {54f6ddbc-6196-4ad0-b766-bacfd17b5c12}, !- Handle
  Node 7,                                 !- Name
  {b22706fa-a9d0-4940-a593-2294babf4f4a}, !- Inlet Port
  {b89effc1-9abb-45c9-9c50-168d1c678fd7}; !- Outlet Port

OS:Connection,
  {c8099f78-c96b-4472-b4c0-d0b9bccbcab7}, !- Handle
  {b2bebdc6-ee53-42e2-9c41-9a59200d54dd}, !- Source Object
  3,                                      !- Outlet Port
  {ad866439-56aa-4119-b28d-654aec6c835b}, !- Target Object
  2;                                      !- Inlet Port

OS:Connection,
  {b22706fa-a9d0-4940-a593-2294babf4f4a}, !- Handle
  {197b5322-5d23-4bfb-8af8-ff78e92de194}, !- Source Object
  2,                                      !- Outlet Port
  {54f6ddbc-6196-4ad0-b766-bacfd17b5c12}, !- Target Object
  2;                                      !- Inlet Port

OS:Connection,
  {b89effc1-9abb-45c9-9c50-168d1c678fd7}, !- Handle
  {54f6ddbc-6196-4ad0-b766-bacfd17b5c12}, !- Source Object
  3,                                      !- Outlet Port
  {16cd40f9-308c-496a-9869-cb0597553c7b}, !- Target Object
  3;                                      !- Inlet Port

OS:Node,
  {7851409c-a397-4ccb-916d-c8d157ae7ca9}, !- Handle
  Node 8,                                 !- Name
  {35669c87-7ab6-4f70-88b1-a5c486843e42}, !- Inlet Port
  {1f8b8787-a110-4021-ad5e-b59e51179c71}; !- Outlet Port

OS:Connection,
  {35669c87-7ab6-4f70-88b1-a5c486843e42}, !- Handle
  {38719c14-33ed-4805-bc02-7f4fa0b1de60}, !- Source Object
  3,                                      !- Outlet Port
  {7851409c-a397-4ccb-916d-c8d157ae7ca9}, !- Target Object
  2;                                      !- Inlet Port

OS:Connection,
  {1f8b8787-a110-4021-ad5e-b59e51179c71}, !- Handle
  {7851409c-a397-4ccb-916d-c8d157ae7ca9}, !- Source Object
  3,                                      !- Outlet Port
  {904bd2d1-8ded-4627-8570-741eef3645c2}, !- Target Object
  3;                                      !- Inlet Port

OS:Connection,
  {eb033955-138c-431f-b583-f806760e373f}, !- Handle
  {904bd2d1-8ded-4627-8570-741eef3645c2}, !- Source Object
  4,                                      !- Outlet Port
  {b2bebdc6-ee53-42e2-9c41-9a59200d54dd}, !- Target Object
  2;                                      !- Inlet Port

OS:Connection,
  {dfc76d73-c30a-4030-9a81-d87bcf4c1ced}, !- Handle
  {acad71ec-7d61-4c11-978c-e61808354e1b}, !- Source Object
  9,                                      !- Outlet Port
  {b4527ca8-00da-46d8-97c3-246f40aca0a0}, !- Target Object
  2;                                      !- Inlet Port

OS:Node,
  {5d5d8e0b-f887-45f9-9d10-42b45b5e1417}, !- Handle
  Node 9,                                 !- Name
  {f83ac7f2-7c90-46d0-8ed0-e059d02f3492}, !- Inlet Port
  {a4f106f4-0a4e-491f-8b21-85eb7938d745}; !- Outlet Port

OS:Connection,
  {f83ac7f2-7c90-46d0-8ed0-e059d02f3492}, !- Handle
  {736f6bbe-0658-420f-a797-df8b406447ca}, !- Source Object
  6,                                      !- Outlet Port
  {5d5d8e0b-f887-45f9-9d10-42b45b5e1417}, !- Target Object
  2;                                      !- Inlet Port

OS:Connection,
  {a4f106f4-0a4e-491f-8b21-85eb7938d745}, !- Handle
  {5d5d8e0b-f887-45f9-9d10-42b45b5e1417}, !- Source Object
  3,                                      !- Outlet Port
  {acad71ec-7d61-4c11-978c-e61808354e1b}, !- Target Object
  8;                                      !- Inlet Port

OS:Node,
  {f46fac45-7bd5-4cfc-b64c-3f9d941b6a5c}, !- Handle
  Node 10,                                !- Name
  {46f509ab-f20f-4519-9fb3-fc49e2589e2f}, !- Inlet Port
  {405e1278-b402-4499-ba2d-debbf52535b2}; !- Outlet Port

OS:Connection,
  {46f509ab-f20f-4519-9fb3-fc49e2589e2f}, !- Handle
  {aeb2f67c-a4a3-41b4-add6-a476c3c16b4f}, !- Source Object
  10,                                     !- Outlet Port
  {f46fac45-7bd5-4cfc-b64c-3f9d941b6a5c}, !- Target Object
  2;                                      !- Inlet Port

OS:Connection,
  {405e1278-b402-4499-ba2d-debbf52535b2}, !- Handle
  {f46fac45-7bd5-4cfc-b64c-3f9d941b6a5c}, !- Source Object
  3,                                      !- Outlet Port
  {736f6bbe-0658-420f-a797-df8b406447ca}, !- Target Object
  5;                                      !- Inlet Port

OS:Node,
  {9b90a4da-db31-490a-98ab-f3ff55969ae0}, !- Handle
  Node 11,                                !- Name
  {5d88e163-2424-494d-817b-40ce97ae6b9e}, !- Inlet Port
  {9645e4d8-ac79-421f-a07f-84492fd4d9d3}; !- Outlet Port

OS:Connection,
  {0daba860-405c-41ce-9613-0a7c1530bb54}, !- Handle
  {78bba1f3-6bed-4323-8da0-ec14d9cf12fd}, !- Source Object
  3,                                      !- Outlet Port
  {9c83b0da-ab1c-4436-ab01-c4174c2251d4}, !- Target Object
  8;                                      !- Inlet Port

OS:Connection,
  {5d88e163-2424-494d-817b-40ce97ae6b9e}, !- Handle
  {9c83b0da-ab1c-4436-ab01-c4174c2251d4}, !- Source Object
  5,                                      !- Outlet Port
  {9b90a4da-db31-490a-98ab-f3ff55969ae0}, !- Target Object
  2;                                      !- Inlet Port

OS:Connection,
  {9645e4d8-ac79-421f-a07f-84492fd4d9d3}, !- Handle
  {9b90a4da-db31-490a-98ab-f3ff55969ae0}, !- Source Object
  3,                                      !- Outlet Port
  {aeb2f67c-a4a3-41b4-add6-a476c3c16b4f}, !- Target Object
  9;                                      !- Inlet Port

OS:Node,
  {77866eb8-ab4e-441b-9fac-6ccc8b49d4a8}, !- Handle
  Node 12,                                !- Name
  {dc31580f-b5b8-48cc-b2e1-a1d4ee1d59c8}, !- Inlet Port
  {c6ca42ec-c45d-497e-a750-b468bbbd6666}; !- Outlet Port

OS:Connection,
  {c6ca42ec-c45d-497e-a750-b468bbbd6666}, !- Handle
  {77866eb8-ab4e-441b-9fac-6ccc8b49d4a8}, !- Source Object
  3,                                      !- Outlet Port
  {9c83b0da-ab1c-4436-ab01-c4174c2251d4}, !- Target Object
  6;                                      !- Inlet Port

OS:Connection,
  {3d09a980-4119-4676-af2c-fc6376c33f7e}, !- Handle
  {6ed5bda2-79ad-4529-a910-61db8473844c}, !- Source Object
  3,                                      !- Outlet Port
  {1ee09f5c-3fea-4d22-87f9-8c6791101475}, !- Target Object
  6;                                      !- Inlet Port

OS:Connection,
  {dc31580f-b5b8-48cc-b2e1-a1d4ee1d59c8}, !- Handle
  {1ee09f5c-3fea-4d22-87f9-8c6791101475}, !- Source Object
  7,                                      !- Outlet Port
  {77866eb8-ab4e-441b-9fac-6ccc8b49d4a8}, !- Target Object
  2;                                      !- Inlet Port

OS:SetpointManager:MixedAir,
  {df9e4dfe-2310-4d1c-bd5b-38f5399e4043}, !- Handle
  Setpoint Manager Mixed Air 1,           !- Name
  Temperature,                            !- Control Variable
  {b4527ca8-00da-46d8-97c3-246f40aca0a0}, !- Reference Setpoint Node Name
  {5d5d8e0b-f887-45f9-9d10-42b45b5e1417}, !- Fan Inlet Node Name
  {b4527ca8-00da-46d8-97c3-246f40aca0a0}, !- Fan Outlet Node Name
  {9b90a4da-db31-490a-98ab-f3ff55969ae0}; !- Setpoint Node or NodeList Name

OS:SetpointManager:MixedAir,
  {e6eb8e14-964a-4a7f-87e5-eff41ad66507}, !- Handle
  Setpoint Manager Mixed Air 2,           !- Name
  Temperature,                            !- Control Variable
  {b4527ca8-00da-46d8-97c3-246f40aca0a0}, !- Reference Setpoint Node Name
  {5d5d8e0b-f887-45f9-9d10-42b45b5e1417}, !- Fan Inlet Node Name
  {b4527ca8-00da-46d8-97c3-246f40aca0a0}, !- Fan Outlet Node Name
  {f46fac45-7bd5-4cfc-b64c-3f9d941b6a5c}; !- Setpoint Node or NodeList Name

OS:SetpointManager:MixedAir,
  {08cb713d-3daa-441f-925c-344a16546497}, !- Handle
  Setpoint Manager Mixed Air 3,           !- Name
  Temperature,                            !- Control Variable
  {b4527ca8-00da-46d8-97c3-246f40aca0a0}, !- Reference Setpoint Node Name
  {5d5d8e0b-f887-45f9-9d10-42b45b5e1417}, !- Fan Inlet Node Name
  {b4527ca8-00da-46d8-97c3-246f40aca0a0}, !- Fan Outlet Node Name
  {5d5d8e0b-f887-45f9-9d10-42b45b5e1417}; !- Setpoint Node or NodeList Name

OS:SetpointManager:MixedAir,
  {0f590aa5-0a75-48aa-bc41-ffa1a97ce047}, !- Handle
  Setpoint Manager Mixed Air 4,           !- Name
  Temperature,                            !- Control Variable
  {b4527ca8-00da-46d8-97c3-246f40aca0a0}, !- Reference Setpoint Node Name
  {5d5d8e0b-f887-45f9-9d10-42b45b5e1417}, !- Fan Inlet Node Name
  {b4527ca8-00da-46d8-97c3-246f40aca0a0}, !- Fan Outlet Node Name
  {77866eb8-ab4e-441b-9fac-6ccc8b49d4a8}; !- Setpoint Node or NodeList Name

OS:SetpointManager:SingleZone:Reheat,
  {ee75eae7-7a49-4b27-bba7-1b9a9e68cab2}, !- Handle
  Setpoint Manager Single Zone Reheat 1,  !- Name
  -99,                                    !- Minimum Supply Air Temperature {C}
  99,                                     !- Maximum Supply Air Temperature {C}
  {e4a8a331-85c7-45f1-ae75-30d887535ac1}, !- Control Zone Name
  {b4527ca8-00da-46d8-97c3-246f40aca0a0}; !- Setpoint Node or NodeList Name

OS:Output:Variable,
  {6a9aa8ea-ac49-4a0c-a94b-3dad1dafae54}, !- Handle
  Output Variable 1,                      !- Name
  ,                                       !- Key Value
  Zone Outdoor Air Drybulb Temperature;   !- Variable Name

OS:Output:Variable,
  {fceaf779-61f6-4850-8618-3111377b9906}, !- Handle
  Output Variable 2,                      !- Name
  ,                                       !- Key Value
  Surface Inside Face Temperature;        !- Variable Name

OS:Output:Meter,
  {861e48f5-2d2f-4cc7-91fa-7ee6ce54eab1}, !- Handle
  Electricity:Facility,                   !- Name
  Hourly;                                 !- Reporting Frequency

OS:Output:Meter,
  {98672700-cba4-443a-b9fe-c4283e1bca1b}, !- Handle
  NaturalGas:Facility,                    !- Name
  Hourly;                                 !- Reporting Frequency

OS:Output:Meter,
  {e3426900-4220-4090-a3d1-f9c3c9d98b0d}, !- Handle
  Propane:Facility,                       !- Name
  Hourly;                                 !- Reporting Frequency

